categoria,n
en:plant-based-foods-and-beverages,3099
en:plant-based-foods,2680
en:snacks,1675
en:beverages,1463
en:dairies,1353
en:cereals-and-potatoes,1297
en:sweet-snacks,1192
en:cereals-and-their-products,1058
en:fermented-foods,853
en:fermented-milk-products,841
en:desserts,662
en:condiments,633
en:beverages-and-beverages-preparations,613
en:breakfasts,612
en:biscuits-and-cakes,604
en:plant-based-beverages,535
en:biscuits,494
en:sauces,467
en:dairy-desserts,462
en:fermented-dairy-desserts,440
en:yogurts,437
en:spreads,411
en:fruits-and-vegetables-based-foods,410
en:salty-snacks,400
en:cheeses,397
en:groceries,395
en:breakfast-cereals,349
en:milks,320
en:meats-and-their-products,318
en:confectioneries,314
en:meals,299
en:seeds,295
en:appetizers,292
en:carbonated-drinks,280
en:breads,278
en:frozen-foods,278
en:fruit-based-beverages,272
en:artificially-sweetened-beverages,269
en:sweetened-beverages,255
en:chips-and-fries,244
en:crisps,239
en:cocoa-and-its-products,239
en:meats,236
en:biscuits-and-crackers,235
en:sweet-spreads,233
en:fats,232
en:legumes-and-their-products,228
en:plant-based-spreads,226
en:vegetables-based-foods,224
en:canned-foods,221
en:bars,198
en:waters,195
en:nuts-and-their-products,184
en:prepared-meats,184
en:dairy-drinks,182
en:dairy-substitutes,182
en:seafood,182
en:cereal-grains,178
en:fruits-based-foods,174
en:vegetable-fats,172
en:dried-products,172
en:milk-substitutes,168
en:pastas,168
en:juices-and-nectars,163
en:fishes-and-their-products,157
en:fishes,155
en:sweeteners,154
en:plant-based-milk-alternatives,151
en:sodas,151
en:fermented-dairy-desserts-with-fruits,144
en:fatty-fishes,144
en:milks-liquid-and-powder,144
en:fruit-yogurts,143
en:chocolates,136
en:pasteurized-cheeses,132
en:legumes,132
en:flavoured-fermented-dairy-desserts,131
en:flavoured-yogurts,130
en:vegetable-oils,121
en:fruit-and-vegetable-preserves,121
en:canned-plant-based-foods,121
en:fermented-drinks,120
en:flours,118
en:frozen-desserts,117
en:dietary-supplements,116
en:vegetable-based-foods-and-beverages,115
en:instant-beverages,115
en:tunas,114
en:fermented-milk-drinks,111
en:soups,111
en:dried-products-to-be-rehydrated,109
en:coffees,108
en:ice-creams-and-sorbets,104
en:cereal-bars,103
en:jams,101
en:olive-tree-products,99
en:candies,99
en:refrigerated-foods,98
en:sausages,98
en:cereal-flours,97
en:fruit-juices,97
en:spices,91
en:nuts,88
en:cereal-pastas,87
en:durum-wheat-pasta,87
en:greek-style-yogurts,87
en:farming-products,84
en:mayonnaises,84
en:food-additives,83
en:alcoholic-beverages,83
en:tomato-sauces,82
en:spreadable-fats,82
en:fruits,81
en:vegetables,76
en:poultries,76
en:ice-creams,75
en:beverage-preparations,75
en:pickles,75
en:legume-seeds,75
en:cakes,74
en:hot-beverages,74
en:flavored-waters,74
en:colas,72
en:chocolate-candies,71
en:tomatoes-and-their-products,69
en:plant-based-pickles,69
en:dry-pastas,67
en:flakes,64
en:salted-spreads,64
en:turkey-and-its-products,64
en:prepared-vegetables,63
en:bodybuilding-supplements,62
en:teas,62
en:sliced-breads,61
en:popcorn,61
en:extruded-cereals,60
en:cereal-flakes,60
en:dried-plant-based-foods,60
en:mueslis,60
en:potato-crisps,59
en:carbonated-waters,58
en:cocoa-and-chocolate-powders,58
en:canned-vegetables,58
en:pulses,57
en:frozen-plant-based-foods,56
en:instant-coffees,56
en:canned-fishes,56
en:cooking-helpers,55
en:fruit-nectars,54
en:dried-meals,54
en:turkeys,54
en:drinkable-yogurts,54
en:oilseed-purees,53
en:dehydrated-soups,53
en:toasts,53
en:animal-fats,52
en:dairy-spreads,52
en:milkfat,52
en:mexican-cheeses,52
en:butters,51
en:frozen-ready-made-meals,51
en:hot-sauces,50
en:olive-oils,50
en:dried-fruits,50
en:energy-drinks,49
en:peanuts,48
en:spring-waters,47
en:olives,46
en:sugar-substitutes,45
en:syrups,44
en:chocolate-biscuits,44
en:herbal-teas,44
en:eggs,44
en:potatoes-and-their-products,43
en:yogurt-drinks,43
en:legume-butters,42
en:canned-tunas,42
en:nut-based-drinks,41
en:peanut-butters,41
en:pastries,41
en:broths,41
en:refried-beans,41
en:oat,40
en:wholemeal-breads,40
en:plain-fermented-dairy-desserts,40
en:plain-yogurts,40
en:bee-products,40
en:honeys,40
en:mineral-waters,39
en:almond-based-drinks,39
en:legume-based-drinks,39
en:soy-based-drinks,39
en:herbs-and-spices,38
en:dessert-mixes,37
en:salty-snacks-made-from-potato,36
en:special-breads,36
en:pasteurised-products,36
en:common-beans,36
en:panela-cheeses,36
en:chili-peppers,36
en:salad-dressings,36
en:flavoured-milks,35
en:canned-legumes,35
en:extruded-flakes,34
en:marmalades,33
en:pork-and-its-products,33
en:creams,33
en:hams,33
en:fruit-and-fruit-seed-oils,32
en:puffed-cereal-cakes,32
en:tomatoes,32
en:rices,32
en:margarines,31
en:non-alcoholic-beverages,31
en:corn-chips,31
en:vinegars,31
en:mustards,30
en:dehydrated-beverages,30
en:frozen-fruits,30
en:purees,29
en:specific-products,29
en:dips,29
en:lactose-free-milk,29
en:sandwiches,29
en:cereal-based-drinks,29
en:filled-biscuits,28
en:Groceries,28
en:cow-cheeses,28
en:green-olives,28
en:chicken-and-its-products,28
en:milk-chocolates,28
en:corn-flakes,27
en:salted-popcorn,27
en:crackers-appetizers,26
en:products-for-specific-diets,26
en:berries,26
en:puffed-grains,26
en:spanish-cheeses,26
en:baby-foods,26
en:ketchup,25
en:nut-butters,25
en:products-without-gluten,25
en:meat-alternatives,25
en:chocolate-powders,25
en:tabletop-sweeteners,25
en:hazelnut-spreads,25
en:puffed-cereals,25
en:salts,25
en:wheat-flours,25
en:beers,25
en:pastry-helpers,24
en:diet-beverages,24
en:cheese-spreads,24
en:white-breads,24
en:chocolate-spreads,24
en:frozen-vegetables,24
en:meals-with-meat,24
en:turkey-breasts,24
en:puffed-rice-cakes,24
en:bonbons,24
en:extra-virgin-olive-oils,23
en:unsweetened-beverages,23
en:canned-fruits,23
en:flavored-sparkling-waters,23
en:milk-powders,23
en:chickens,23
en:whole-milks,23
en:jelly-desserts,23
en:protein-powders,23
en:fruit-based-foods-and-beverages,22
en:tea-based-beverages,22
en:coconut-waters,22
en:cocoa-and-hazelnuts-spreads,22
en:sheep-s-milk-cheeses,22
en:manchego,22
en:wafers,22
en:thickeners,22
en:berry-jams,21
en:plant-based-creams,21
en:canned-common-beans,21
en:dark-chocolates,21
en:pork,21
en:flatbreads,21
en:tunas-in-oil,21
en:ice-cream-bars,21
en:gelatin,21
en:baking-mixes,20
en:noodles,20
en:green-teas,20
en:corn,20
en:cow-milks,20
en:nut-bars,20
en:canned-tomatoes,20
en:vegetable-based-beverages,19
en:stacked-extruded-potato-crisps,19
en:pizzas-pies-and-quiches,19
en:meat-analogues,19
en:rolled-flakes,19
en:fruits-in-syrup,19
en:plant-based-creams-for-cooking,19
en:coconut-milks-and-creams,19
en:pork-meals,19
en:fresh-foods,19
en:chewing-gum,19
en:italian-pasta,19
en:fresh-meats,19
en:cake-mixes,18
en:italian-cheeses,18
en:quinoa,18
en:evaporated-milks,18
en:sardines,18
en:oat-based-drinks,18
en:poultry-sausages,18
en:culinary-plants,18
en:flavoured-potato-crisps,18
en:instant-noodles,17
en:soy-sauces,17
en:rolled-oats,17
en:meat-preparations,17
en:dry-biscuits,17
en:spaghetti,17
en:tropical-fruits,17
en:turkey-sausages,17
en:rapeseed-oils,17
en:soy-beans,17
en:coconut-oils,16
en:simple-syrups,16
en:sugars,16
en:festive-foods,16
en:starches,16
en:melted-cheese,16
en:soft-drinks,16
en:cured-sausages,16
en:canola-oils,16
en:fruit-sodas,16
en:caramels,16
en:virgin-olive-oils,15
en:iced-teas,15
en:pitted-olives,15
en:fruit-and-plant-milk-beverages,15
en:fruit-and-soy-beverages,15
en:potatoes,15
en:baked-beans-in-tomato-sauce,15
en:strawberry-yogurts,15
en:strawberry-jams,15
en:fresh-plant-based-foods,15
en:energy-bars,15
en:dietary-drink-for-sport,14
en:wholemeal-sliced-breads,14
en:citrus-jams,14
en:unsalted-margarines,14
en:orange-juices,14
en:canned-meals,14
en:goat-cheeses,14
en:pasta-dishes,14
en:stuffed-olives,14
en:chocolate-milks,14
en:baby-milks,14
en:ice-pops,14
en:strawberries,14
en:fried-foods,14
en:organic,14
en:artificial-sugar-substitutes,13
en:ice-cream-tubs,13
en:fruit-juices-from-concentrate,13
en:chocolate-cereals,13
en:apple-nectars,13
en:chorizo,13
en:frozen-berries,13
en:chicken-eggs,13
en:fresh-eggs,13
en:flavoured-chocolates,13
en:protein-bars,12
en:pasta-sauces,12
en:cereal-starches,12
en:corn-starch,12
en:pound-cake,12
en:green-stuffed-olives,12
en:variety-packs,12
en:low-fat-yogurts,12
en:wheat-breads,11
en:grated-cheese,11
en:christmas-foods-and-drinks,11
en:hamburger-buns,11
en:compotes,11
en:prepared-salads,11
en:meals-with-fish,11
en:homogenized-milks,11
en:oatmeal-cookies,11
en:avocado-oils,11
en:dry-durum-wheat-pasta,11
en:stuffed-wafers,11
en:prepared-poultry-meats,11
en:prepared-turkey-meats,11
en:chia,11
en:breaded-products,11
en:frozen-strawberries,11
en:almonds,11
en:sugar-free-chewing-gum,11
en:pizzas,10
en:stretched-curd-cheeses,10
en:instant-chocolate-powders,10
en:natural-mineral-waters,10
en:crispbreads,10
en:carbonated-mineral-waters,10
en:candy-chocolate-bars,10
en:sweetened-yogurts,10
en:cocoa-powders,10
en:bars-covered-with-chocolate,10
en:sandwich-biscuits,10
en:sweet-pastries-and-pies,10
en:viennoiseries,10
en:canned-sardines,10
en:instant-noodle-soups,10
en:gummi-candies,10
en:spanish-meat-products,10
en:prepared-pork-meats,10
en:fresh-vegetables,10
en:wines,10
en:flavoured-milk-chocolates,10
en:sandwiches-with-ham-and-emmental-cheese-and-butter,10
en:barbecue-sauces,9
en:multigrain-sliced-breads,9
en:black-teas,9
en:cornmeal,9
en:christmas-sweets,9
en:frozen-meats,9
en:black-olives,9
en:diet-sodas,9
en:wheats,9
en:fruit-based-foods,9
en:tomato-purees,9
en:hummus,9
en:mollusc,9
en:tuna-in-olive-oil,9
en:drop-cookies,9
en:chocolate-cereal-bars,9
en:refrigerated-meals,9
en:cured-hams,9
en:dried-hams,9
en:cereal-oils,9
en:infant-formulas,9
en:mushrooms-and-their-products,9
en:tea-bags,9
en:coconut-based-drinks,9
en:cow-milk-yogurts,9
en:mixes-for-jelly-desserts,9
en:cider-vinegars,9
en:pies,8
en:frozen-pizzas-and-pies,8
en:vanilla,8
en:madeleines,8
en:green-pitted-olives,8
en:pickled-vegetables,8
en:salads,8
en:uht-milks,8
en:chocolate-chip-cookies,8
en:turkey-preparations,8
en:apple-juices,8
en:milk-jams,8
en:mushrooms,8
en:light-mayonnaises,8
en:fruit-and-milk-beverages,8
en:chocolate-desserts,8
en:aromatic-plants,8
en:vitamins,8
en:vegetable-juices,7
en:chocolate-cakes,7
en:kefir,7
en:sweet-pies,7
en:creamer,7
en:mozzarella,7
en:almond-butters,7
en:spice-mix,7
en:cereals-with-fruits,7
en:peas,7
en:whole-wheat-flours,7
en:bread-crumbs,7
en:dijon-mustards,7
en:condensed-milks,7
en:liquid-honeys,7
en:chocolate-sandwich-cookies,7
en:peeled-tomatoes,7
en:vegan-products,7
en:cereal-bars-with-nuts,7
en:beef-and-its-products,7
en:beef,7
en:dehydrated-broths,7
en:legume-oils,7
en:dried-cranberries,7
en:roasted-nuts,7
en:crispy-biscuits,7
en:herbs,7
en:tofu,7
en:extruded-crispbreads,7
en:dairy-variety-packs,7
en:potato-preparations,6
en:jugos,6
en:pistachios,6
en:salted-nuts,6
en:puffed-rice,6
en:chickpeas,6
en:beans,6
en:diet-cola-soft-drink,6
en:canned-red-kidney-beans,6
en:artisan-products,6
en:bakery-products,6
en:cheeses-from-the-united-kingdom,6
en:cheeses-from-england,6
en:flavors,6
en:puffed-wholegrain-rice-cakes,6
en:tomato-pulps,6
en:chocolates-with-hazelnuts,6
en:milk-chocolates-with-hazelnuts,6
en:brioches,6
en:mussels,6
en:canned-mussels,6
en:balsamic-vinegars,6
en:natural-sugar-substitutes,6
en:legume-pickles,6
en:orange-nectars,6
en:serrano-ham,6
en:raw-cured-ham,6
en:corn-oils,6
en:soybean-oils,6
en:meal-sauces,6
en:precooked-rices,6
en:fish-and-meat-and-eggs,6
en:salmons,6
en:tea-leaves,6
en:coconuts,6
en:canned-cereals,6
en:canned-corn,6
en:onions-and-their-products,6
en:flans,6
en:frozen-fried-potatoes,6
en:milkshakes,6
en:ground-coffees,6
en:apples,6
en:wavy-potato-crisps,6
en:cheese-substitutes,6
en:bacon,6
en:kombuchas,6
en:sprouts,6
en:smoothies,6
en:brownies,5
en:mashed-potatoes,5
en:instant-mashed-potatoes,5
en:pancake-mixes,5
en:grape-juices,5
en:agave-syrups,5
en:breadsticks,5
en:liquid-salts,5
en:red-beans,5
en:apple-compotes,5
en:cheeses-of-the-netherlands,5
en:poultry-hams,5
en:salads-with-fish,5
en:tuna-salads,5
en:strawberry-milks,5
en:lemonade,5
en:pitas,5
en:cheddar-cheese,5
en:vanilla-extract,5
en:powdered-cappucino,5
en:durum-wheat-spaghetti,5
en:panettone,5
en:penne,5
en:penne-rigate,5
en:sardines-in-oil,5
en:balsamic-vinegars-of-modena,5
en:non-dairy-desserts,5
en:arabica-coffees,5
en:bagel-breads,5
en:coated-chocolate-bar-without-biscuit,5
en:vegetarian-sausages,5
en:bouillon-cubes,5
en:guava-nectars,5
en:mango-nectars,5
en:fruits-cereal-bars,5
en:coffee-drinks,5
en:grape-seed-oils,5
en:lentils,5
en:cereal-semolinas,5
en:vinaigrettes,5
en:sardines-in-tomato-sauce,5
en:sweet-peppers,5
en:vegetable-rods,5
en:chicken-preparations,5
en:breaded-chicken,5
en:poultry-nuggets,5
en:chicken-nuggets,5
en:dairy-chocolate-desserts,5
en:salted-margarines,5
en:black-pitted-olives,5
en:rice-based-drinks,5
en:roasted-peanuts,5
en:tropical-tunas,5
en:yellowfin-tunas,5
en:muffins,5
en:leaf-vegetables,5
en:wheat-flatbreads,5
en:distilled-beverages,5
en:smoked-bacon,5
en:fresh-cheeses,5
en:biscuit-with-a-chocolate-bar-covering,5
en:garlic-and-their-products,5
en:frozen-seafood,5
en:powdered-plant-milks,5
en:pestos,5
en:tomato-juices,4
en:toaster-pastries,4
en:crepes-and-galettes,4
en:whole-or-semi-whole-durum-wheat-pasta,4
en:sugarfree-candies,4
en:skimmed-milks,4
en:fruit-pastes,4
en:cheesecakes,4
en:plant-based-meals,4
en:whole-milk-yogurts,4
en:chocolate-biscuity-bars,4
en:mixed-cereal-flakes,4
en:green-sauces,4
en:uncooked-pressed-cheeses,4
en:chicken-breasts,4
en:cured-cheese,4
en:semi-skimmed-milks,4
en:amaranth,4
en:cream-cheeses,4
en:stuffed-pastas,4
en:dates,4
en:gluten-free-biscuits,4
en:puffed-corn-cakes,4
en:coffee-beans,4
en:turron,4
en:hot-dog-sandwiches,4
en:sandwiches-filled-with-cold-cuts,4
en:cane-sugar,4
en:white-hams,4
en:tropical-fruit-jams,4
en:fried-tomato-sauces,4
en:cream-soups,4
en:chocolate-stuffed-wafers,4
en:fish-fillets,4
en:canned-soups,4
en:vegetable-soups,4
en:churros,4
en:apple-yogurts,4
en:vanilla-ice-cream-bars,4
en:yogurts-with-cereals,4
en:frozen-pizzas,4
en:green-olives-stuffed-of-peppers,4
en:maple-syrups,4
en:chocolate-covered-nuts,4
en:mixed-nuts,4
en:cashew-nuts,4
en:instant-pasta,4
en:non-dairy-fermented-foods,4
en:non-dairy-yogurts,4
en:dried-bananas,4
en:milk-chocolate-candies,4
en:lollipops,4
en:champignon-mushrooms,4
en:chocolates-with-sweeteners,4
en:decaffeinated-coffees,4
en:fish-preparations,4
en:pineapple-nectars,4
en:guacamoles,4
en:mantecados-and-polvorones,4
en:parmigiano-reggiano,4
en:protein-shakes,4
en:shelled-nuts,4
en:hard-liquors,4
en:strained-tomatoes,4
en:peppers,4
en:dried-prunes,4
en:mixed-puffed-cereals,4
en:avocados,4
en:poultry-meals,4
en:tunas-in-brine,4
en:milk-chocolate-biscuits,4
en:pasteurised-milks,4
en:textured-vegetable-protein,4
en:chocolates-with-almonds,4
en:light-margarines,4
en:mexiacan-coffee,4
en:smoked-fishes,4
en:liqueurs,4
en:garlic,4
en:canned-tomato-products,4
en:dried-meats,4
en:premixed-alcoholic-beverages,4
en:canned-mushrooms,4
en:canned-champignon-mushrooms,4
en:dark-chocolate-bar,4
en:cottage-cheeses,4
en:toppings,4
en:smoked-sausages,4
en:canned-sprouts,4
en:baking-powder-or-raising-agent,3
en:teriyaki-sauces,3
en:cranberry-juices,3
en:pancakes,3
en:raspberry-jams,3
en:pre-baked-breads,3
en:soft-cheeses,3
en:soft-cheeses-with-bloomy-rind,3
en:french-cheeses,3
en:greek-cheeses,3
en:pretzel,3
en:vanilla-almond-based-drinks,3
en:sliced-cheeses,3
en:aloe-vera-drinks,3
en:ginger,3
en:worcestershire-sauces,3
en:canned-chickpeas,3
en:panko,3
en:white-chocolates,3
en:black-beans,3
en:pickled-peppers,3
en:gouda,3
en:rice-flours,3
en:provolone,3
en:anticaking-agents,3
en:bicarbonates-of-soda,3
en:lagers,3
en:capsules,3
en:filled-chocolates,3
en:rigatoni,3
en:mussels-with-escabeche,3
en:liquid-broths,3
en:gluten-free-breads,3
en:french-sausages,3
en:mixed-fruit-jams,3
en:milk-chocolate-bar-with-nougat,3
en:peanut-turron,3
en:french-bread-sandwiches,3
en:vegetarian-vienna-sausages,3
en:apricot-nectars,3
en:peach-nectars,3
en:walnuts,3
en:sesame-oils,3
en:stews,3
en:prepared-rices,3
en:wheat-semolinas,3
en:licensed-products,3
en:anchovy,3
en:anchovy-fillets,3
en:cream-of-vegetable-soups,3
en:pickled-capers,3
en:puddings,3
en:rice-puddings,3
en:combination-meals,3
en:waffles,3
en:lactose-free-yogurts,3
en:coated-peanuts,3
en:nut-confectioneries,3
en:potato-crisps-with-salt,3
en:mixtures-of-herbs-and-spices,3
en:corn-flatbreads,3
en:flavored-teas,3
en:salted-peanuts,3
en:common-wheat-flours,3
en:pate,3
en:apple-soft-drinks,3
en:canned-meats,3
en:herbal-teas-in-tea-bags,3
en:red-quinoa,3
en:unsalted-butters,3
en:non-alcoholic-beers,3
en:sunflower-seeds-and-their-products,3
en:milk-chocolate-bar,3
en:rye-breads,3
en:milk-bread-rolls,3
en:butter-fat,3
en:red-wines,3
en:flavoured-yogurt-drinks,3
en:yogurt-drinks-with-sugar,3
en:flavoured-yogurt-drinks-with-sugar,3
en:meals-with-chicken,3
en:oat-flours,3
en:biscuit-with-a-milk-chocolate-bar-covering,3
en:textured-soy-protein,3
en:chocolate-covered-nuts-and-fruits,3
en:ciders,3
en:eu,3
en:eu-ingredients,3
en:bran,3
en:cereal-brans,3
en:groats,3
en:puffed-quinoa,3
en:legume-flours,3
en:salsa,3
en:meat-based-sauces,3
en:powdered-cereal-milks,3
en:powdered-oat-milks,3
en:biscuits-with-nuts,3
en:rices-for-risotto,3
en:fruit-smoothies,3
en:cereals-with-caramel,3
en:free-range-chicken-eggs,3
en:barley,3
en:fruit-juice-concentrates,3
en:apple-juice-concentrates,3
en:beverages-from-desugared-fruit-juices,3
en:leaf-salads,3
en:seaweeds-and-their-products,3
en:chips,3
en:rice-from-italy,3
en:egg-pastas,3
en:dry-egg-pastas,3
en:fettuccine-all-uovo,3
en:cracked-olives,3
en:mixed-vegetables,2
en:tarta-de-trigo,2
en:caramel-spreads,2
en:non-alcoholic-beverages-ready-to-drink,2
en:croutons,2
en:vegetarian-pizzas,2
en:cheese-pizzas,2
en:english-muffins,2
en:frozen-breads,2
en:Mexican Dinner Mixes,2
en:Tortillas,2
en:ate,2
en:bries,2
en:feta,2
en:blueberries,2
en:yellow-mustards,2
en:aliments-d-origine-vegetale,2
en:aliments-et-boissons-a-base-de-vegetaux,2
en:tomato-ketchup,2
en:chocolate-covered-biscuits,2
en:danish-cheeses,2
en:havarti,2
en:american-cheeses,2
en:Aperitivos,2
en:Botanas,2
en:Snacks-salados,2
en:sucralose,2
en:marzipan,2
en:pays,2
en:crunchy-cereal-clusters,2
en:whole-olives,2
en:whole-black-olives,2
en:honey-mustards,2
en:mueslis-with-fruits,2
en:miso-soup,2
en:figs-jams,2
en:tapioca,2
en:cherry-jams,2
en:cereals-with-nuts,2
en:mueslis-with-nuts,2
en:cheese-preparations,2
en:processed-cheeses,2
en:edam,2
en:dried-coconut,2
en:cooked-chicken-breast-slices,2
en:tuna-in-brine,2
en:botanas,2
en:egg-white,2
en:caramel-chocolate-bars,2
en:coffee-capsules,2
en:dolce-gusto-compatible-coffee-capsules,2
en:freeze-dried-foods,2
en:freeze-dried-plant-based-foods,2
en:colombian-coffees,2
en:linguine,2
en:tagliatelle,2
en:whole-durum-wheat-pasta,2
en:sardines-in-olive-oil,2
en:liquid-fish-broths,2
en:green-olives-stuffed-of-anchovies,2
en:unsweetened-plain-oat-based-drinks,2
en:gluten-free-sliced-breads,2
en:sausages-from-spain,2
en:fruit-soft-drinks,2
en:still-soft-drinks,2
en:arabica-coffee-beans,2
en:poultry-broth,2
en:stevia-and-their-products,2
en:cereal-bars-with-hazelnuts,2
en:creamy-peanut-turron,2
en:frankfurter-sausages,2
en:vegetarian-hot-dog-sausages,2
en:baguette-sandwich-with-merguez-sausage,2
en:frozen-sandwiches,2
en:wheat-bran-sticks,2
en:sesame,2
en:toasted-sesame,2
en:vanilla-milks,2
en:brown-rices,2
en:guava-jams,2
en:flavoured-oils,2
en:bruschetta-spreads,2
en:dried-vegetables,2
en:dried-tomatoes,2
en:durum-wheat-semolinas,2
en:durum-wheat-semolinas-for-couscous,2
en:mango-jams,2
en:alimentos-de-origen-vegetal,2
en:alimentos-y-bebidas-de-origen-vegetal,2
en:bebidas,2
en:bebidas-azucaradas,2
en:bebidas-de-origen-vegetal,2
en:bebidas-para-tomar-calientes,2
en:cafes,2
en:plantas-para-infusiones,2
en:tes,2
en:pineapple,2
en:vegetable-broths,2
en:canned-peppers,2
en:canned-red-peppers,2
en:asparagus,2
en:sea-salts,2
en:iodised-salts,2
en:onions,2
en:peach-yogurts,2
en:crema-batida,2
en:blueberry-yogurts,2
en:chicken-wings,2
en:broccoli,2
en:blackberries,2
en:chopped-olives,2
en:pickled-cucumbers,2
en:gherkins,2
en:chocolate-covered-almonds,2
en:pumpkin-and-squash-plant-products,2
en:cucurbitacea-seeds,2
en:pumpkin-seeds-and-their-products,2
en:pumpkin-seeds,2
en:almond-milk-yogurts,2
en:mixed-plant-milks,2
en:lemon-teas,2
en:vegetable-oil-sprays,2
en:olive-oil-sprays,2
en:peach-jams,2
en:sweet-mustards,2
en:beverages-with-cranberry,2
en:dark-chocolates-with-sweeteners,2
en:decaffeinated-instant-coffees,2
en:puffed-salty-snacks,2
en:vegetariano,2
en:liver-pates,2
en:pork-pates,2
en:pork-liver-pates,2
en:dairy-by-products,2
en:squeezed-juices,2
en:squeezed-orange-juices,2
en:cooked-poultries,2
en:cooked-chicken,2
en:carbonated-natural-mineral-waters,2
en:brown-sugars,2
en:multifruit-juices,2
en:dark-lagers,2
en:5-beer,2
en:black-beers,2
en:chamomile,2
en:refined-olive-oils,2
en:carbonated-soft-drinks-without-fruit-juice,2
en:ground-dried-aromatic-plants,2
en:parsley,2
en:ground-dried-parsley,2
en:cooked-turkey-breast-slices,2
en:dried-bilberries,2
en:blue-veined-cheeses,2
en:rice-dishes,2
en:from-18-months,2
en:himalaya-salts,2
en:corn-semolinas,2
en:corn-semolinas-for-polenta,2
en:coconut-yogurts,2
en:beverages-with-orange,2
en:toasted-bread-rolls,2
en:marsh-mallow-tea,2
en:fish-sandwiches,2
en:tuna-sandwiches,2
en:sandwich-with-tuna-and-vegetables,2
en:sugar-coated-chocolate-confectioneries,2
en:small-crackers,2
en:sugared-popcorn,2
en:sunflower-oils,2
en:black-peppers,2
en:refrescos,2
en:roasted-cashew-nuts,2
en:canned-fruits-in-juice,2
en:eggs-and-their-products,2
en:apricot-jams,2
en:non-food-products,2
en:nut-flours,2
en:sweet-and-sour-sauces,2
en:bouillon-powders,2
en:orecchiette,2
en:country-specific-beers,2
en:belgian-beers,2
en:chocolate-cereal-balls,2
en:white-beans,2
en:durum-wheat-pasta-with-egg,2
en:ground-meat-preparations,2
en:lactose-free-cheeses,2
en:chocolate-turron,2
en:pizza-sauces,2
en:biscuit-cookie-snack-w-chocolate-filling,2
en:raspberries,2
en:processed-cheese,2
en:table-salts,2
en:tuna-chunks,2
en:shortbread-cookies,2
en:orange-soft-drinks,2
en:oat-brans,2
en:oat-groats,2
en:mezcal,2
en:ground-dried-vegetables,2
en:garlic-powder,2
en:eaux-de-vie,2
en:13-red-wine,2
en:mashed-vegetables,2
en:hard-candies,2
en:caramelized-peanuts,2
en:mint-teas,2
en:wheat-beers,2
en:turmeric,2
en:cumin,2
en:oregano,2
en:dulce,2
en:soybean-flours,2
en:baguettes,2
en:wine-based-alcoholic-beverages,2
en:sangria,2
en:fermented-creams,2
en:clarified-butter,2
en:ghee,2
en:canned-sliced-champignon-mushrooms,2
en:shelled-almonds,2
en:frozen-fishes,2
en:uht-creams,2
en:unsweetened-plain-almond-based-drinks,2
en:dark-chocolate-bar-with-less-than-70-cocoa,2
en:flavoured-dark-chocolates,2
en:citrus,2
en:vanilla-rice-based-drinks,2
en:papas-fritas,2
en:growth-milks,2
en:thousand-island-dressing,2
en:neules,2
en:cereal-syrups,2
en:fresh-tomatoes,2
en:arabica-ground-coffees,2
en:smoked-salmons,2
en:double-cream-cheeses,2
en:flavoured-olive-oils,2
en:truffle-flavoured-olive-oils,2
en:powdered-nut-milks,2
en:powdered-almond-milks,2
en:creatine,2
en:rum-based-alcoholic-beverages,2
en:marshmallows,2
en:non-open-products-facts,2
en:legume-flakes,2
en:soy-flakes,2
en:fusilli,2
en:pomegranate-vinegars,2
en:mangoes,2
en:nori-seaweeds,2
en:flavoured-drinks,2
en:steaks,2
en:japonica-rices,2
en:millet,2
en:crunchy-peanut-butters,2
en:alimentos,2
en:alimentos-e-bebidas-a-base-de-plantas-spanish-portuguese,2
en:creamy-peanut-butter,2
en:produtos-para-barrar-a-base-de-plantas,2
en:pates-a-tartiner,2
en:orzo,2
en:snacks-and-desserts-for-babies,2
en:calamari,2
en:food,2
en:carbonated-fruit-soft-drink,2
en:baby-milks-in-powder,2
en:first-age-baby-milk-powder,2
en:vitamin-supplements,2
en:fermentados,1
en:undefined,1
en:betun,1
en:baker-s-yeast,1
en:Undefined,1
en:sriracha-sauces,1
en:Low sugar condiments,1
en:Vegan condiments,1
en:Fortified Almond Beverage,1
en:puré,1
en:sports-drink,1
en:crema-de-cacahuate,1
en:creamy-peanut-butters,1
en:Cremas de cacahuate,1
en:Crema de cacahuates,1
en:Crema de untar,1
en:barras-energeticas,1
en:snaks-dulces,1
en:Biscuits-et-gâteaux,1
en:Pâtisseries,1
en:Tartes-sucrées,1
en:Empanizador,1
en:empanizador,1
en:soft-cake-filled-with-fruits,1
en:alfredo-sauces,1
en:chicken-broth,1
en:crutones,1
en:Baked goods,1
en:Grain products,1
en:baking-decorations,1
en:productos,1
en:feta-blocs,1
en:amuse-gueules,1
en:biscuits-aperitifs,1
en:bretzels,1
en:snacks-sales,1
en:mostazas-de-rabano-picante,1
en:Relleno para pay,1
en:relleno-para-pay,1
en:hoisin-sauces,1
en:roasted-pistachios,1
en:salted-pistachios,1
en:aliments-a-base-de-fruits-et-de-legumes,1
en:aliments-a-base-de-plantes-sechees,1
en:fruits-et-produits-derives,1
en:produits-deshydrates,1
en:comestibles,1
en:Alimentos de origen vegetal,1
en:Alimentos y bebidas de origen vegetal,1
en:Condimentos,1
en:Especias,1
en:Mezcla de especias,1
en:Salsas,1
en:Salsas de chiles,1
en:muenster-cheese,1
en:Galleta-de-maíz-blanco-horneada,1
en:cane-sugars,1
en:pasteles-de-gloria,1
en:grape-juices-from-concentrate,1
en:Ananas juice,1
en:honey-cereal-balls,1
en:bechamel-sauces,1
en:dehydrated-sauces,1
en:durum-wheat-plates-for-cannelloni,1
en:patatas-fritas-de-maiz,1
en:cow-mozzarella,1
en:candied-fruits,1
en:crystallized-ginger,1
en:japanese-green-teas,1
en:plain-puffed-rice,1
en:Aliments d'origine végétale,1
en:Aliments et boissons à base de végétaux,1
en:Céréales et dérivés,1
en:Céréales et pommes de terre,1
en:Céréales pour petit-déjeuner,1
en:Céréales soufflées,1
en:Grains soufflées,1
en:Petit-déjeuners,1
en:ceci,1
en:vegetatables,1
en:haricots-a-la-tomate,1
en:legumes-prepares,1
en:plats-prepares,1
en:orange-jams,1
en:confitures-de-fruits,1
en:creme-confiture-d-ipomee,1
en:hot-dog-buns,1
en:Cereal and odd bread,1
en:filled-cereals,1
en:breakfast-cereals-filled-with-chocolate-hazelnuts,1
en:canned-black-beans,1
en:guisados,1
en:yogurt-con-manzana,1
en:plain-low-fat-yogurts,1
en:Cafe,1
en:pineapple-in-syrup,1
en:alimentos-y-bebidas-de-origen-vegetal-alimentos-de-origen-vegetal-cereales-y-patatas-cereales-y-derivados-harinas-de-origen-vegetal-harinas-de-cereales,1
en:cacao-y-sus-productos,1
en:snacks-dulces,1
en:products-with-reduced-salt,1
en:alimento-liquido,1
en:corn-crackers,1
en:frühstücke,1
en:frühstückscerealien,1
en:geröstete-getreidekost,1
en:pflanzliche-lebensmittel-und-getränke,1
en:dolce-gusto-compatible-capsules,1
en:plain-biscuit,1
en:freeze-dried-instant-coffees,1
en:cherry-tomatoes,1
en:filled-cakes,1
en:chocolate-soft-cake,1
en:Biscuits et gâteaux,1
en:Gâteaux,1
en:Gâteaux au chocolat,1
en:Snacks sucrés,1
en:cantucci,1
en:bucatini,1
en:rusks,1
en:lasagna-sheets,1
en:glazes-with-vinegar,1
en:dried-wholemeal-pasta,1
en:whole-durm-wheat-spaghetti,1
en:liquid-chicken-broths,1
en:Galletas,1
en:Galletas María,1
en:whole-dates,1
en:still-fruit-soft-drinks,1
en:lychees,1
en:still-fruit-soft-drink-with-sugar-and-with-10-50-of-fruit-juice,1
en:boissons-édulcorées,1
en:boissons-énergisantes,1
en:strawberry-compotes,1
en:strawberry-biscuits,1
en:evaporated-milks-without-sugar,1
en:cotija-cheese,1
en:stevia-leaves,1
en:mountain-products,1
en:poultry-sandwiches,1
en:sandwiches-with-ham-and-emmental-cheese,1
en:sausage-bacon-and-egg-sandwiches,1
en:ricotta,1
en:grapefruit-juices,1
en:mango-based-beverages,1
en:orange-mango-nectars,1
en:multijuice-nectars,1
en:whipped-creams,1
en:shredded-mozzarella,1
en:salami,1
en:crunchy-mueslis,1
en:bread-coverings,1
en:chocolate-almond-based-drinks,1
en:chinese-noodles,1
en:chinese-egg-noodles,1
en:safflower-oils,1
en:pinto-beans,1
en:pimented-tomato-sauces,1
en:tomate-sauces,1
en:cream-of-mushroom-soups,1
en:cream-of-champignon-mushroom-soups,1
en:puffed-rice-cakes-with-white-chocolate,1
en:corn-pasta,1
en:flax-seeds,1
en:puffed-multigrain-cakes,1
en:leches,1
en:lacteos,1
en:aromatised-instant-coffees,1
en:concentrated-tomato-juices,1
en:consome,1
en:crustaceans,1
en:shrimps,1
en:dehydrated-vegetable-bouillons,1
en:vegetable-bouillon-cubes,1
en:albacore,1
en:canned-albacore-in-olive-oil,1
en:cream-of-asparagus-soups,1
en:pickled-guindilla-peppers,1
en:red-bell-peppers,1
en:white-asparagus,1
en:canned-asparagus,1
en:canned-white-asparagus,1
en:Crema-de-cacahuate,1
en:half-salted-butter,1
en:botanas-snacks-salados,1
en:Sustituto de crema en polvo,1
en:quarks,1
en:entremets-mousses-and-creamy-puddings,1
en:creamy-puddings,1
en:chocolate-creamy-puddings,1
en:caramel-creamy-puddings,1
en:honey-yogurts,1
en:black-chopped-olives,1
en:green-chopped-olives,1
en:pickled-onions,1
en:coffee-ice-cream-tubs,1
en:hamburgers,1
en:dried-mixed-fruits,1
en:flavoured-almonds,1
en:smoked-almonds,1
en:caramelized-almonds,1
en:vegetarian-sauces,1
en:vegan-sauces,1
en:egg-free-mayonnaises,1
en:Instantáneos,1
en:Comidas preparadas,1
en:Fideos instantáneos,1
en:Sopas,1
en:sweetened-plain-soy-based-drinks,1
en:lemonades,1
en:lacteos-fermented-foods,1
en:botanas-snacks-salados-aperitivos-patatas-fritas-chips-fritos-salty-snacks-made-from-potato,1
en:liquid-caramel,1
en:porridge,1
en:plain-porridge,1
en:conchiglie,1
en:Whey protein,1
en:juices,1
en:polvo-para-bebidas,1
en:crackers,1
en:rice-paper,1
en:artisan-cheeses,1
en:herbal-tea-beverages,1
en:flavoured-corn-crisps,1
en:sandwich-with-egg-and-vegetables-and-mayonnaise,1
en:bread-flours,1
en:wheat-bread-flour,1
en:oil,1
en:artisanal-spirits,1
en:beers-with-fruits,1
en:craft-beers,1
en:flavoured-syrups,1
en:cinnamon,1
en:cinnamon-powder,1
en:barn-chicken-eggs,1
en:fresh-mushrooms,1
en:whole-champignon-mushrooms,1
en:cookies-with-milk-chocolate,1
en:dark-chocolate-bar-with-more-than-70-cocoa,1
en:unrefined-salts,1
en:puffed-salty-snacks-made-from-maize,1
en:condiment-pastes,1
en:anchovy-paste,1
en:refresco-de-cola,1
en:fruit-biscuits,1
en:fruit-cakes,1
en:muscovado,1
en:chili-powders,1
en:wines-from-spain,1
en:macarons,1
en:carbonated-soft-drinks-without-fruit-juice-with-sugar-and-artificial-sweeteners,1
en:rice-cakes,1
en:hazelnut-butters,1
en:almond-spreads,1
en:gorgonzolas,1
en:red-delicious-apples,1
en:chocolate-chip-muffins,1
en:lettuces,1
en:cereal-bars-with-almonds,1
en:risottos,1
en:sandwich-with-pate-and-pickles,1
en:fried-rice,1
en:sunflower-seeds,1
en:shelled-sunflower-seeds,1
en:biscuits-et-gateaux,1
en:sugar-free-chocolate,1
en:chicken-seasoning,1
en:mexican-dinner-mixes-fdc,1
en:rice-vinegars,1
en:black-rice-vinegars,1
en:matcha,1
en:canned-tomato-pulp,1
en:banana-yogurts,1
en:bouillon-pots,1
en:dehydrated-poultry-broth-stock,1
en:greek-style-yogurts-on-a-bed-of-fruits,1
en:puffed-wheat-cakes,1
en:white-wheat-flours,1
en:white-common-wheat-flours,1
en:tunas-in-sunflower-oil,1
en:blackberry-yogurts,1
en:extra-fine-dark-chocolates,1
en:amber-beers,1
en:ales,1
en:shelled-pistachios,1
en:tequilas,1
en:Fruit Snacks,1
en:ground-peppers,1
en:flavour-enhancers,1
en:dessert-sauces,1
en:chocolate-sauce,1
en:serum,1
en:yogurt-with-strawberries,1
en:bulk,1
en:chocolate-tabs,1
en:fruit-muffins,1
en:blueberry-muffins,1
en:granizados,1
en:dried-coconut-flour,1
en:suero,1
en:fruit-flavoured-yogurt-drinks,1
en:strawberry-yogurt-drinks,1
en:cream-of-pumpkin-soups,1
en:pineapple-in-juice,1
en:barritas de fresa,1
en:vanilla-muffins,1
en:strasbourg-sausages,1
en:industrial-knacks,1
en:70-fat-mayonnaise,1
en:canned-peas-and-carrots,1
en:produce,1
en:almond-meal,1
en:canned-lentils,1
en:lenticchie,1
en:carbonated-soft-drinks-without-fruit-juice-with-reduced-sugar,1
en:barbecue-crisps,1
en:jugo-en-polvo,1
en:uht-milk-fortified-with-vitamins,1
en:molten-chocolate-cakes,1
en:egg-white-raw,1
en:pure-apple-compotes,1
en:oysters,1
en:dark-chocolates-with-almonds,1
en:rose-wines,1
en:11-rose-wine,1
en:sopa-de-vegetales,1
en:light-unsalted-margarines,1
en:banana-crisps,1
en:chocolate-coated-peanuts,1
en:Panadería,1
en:aromatic-rices,1
en:indica-rices,1
en:long-grain-rices,1
en:jasmine-rice,1
en:gluten-free-candy,1
en:pasteurized-butters,1
en:fresh-meat-preparations,1
en:fresh-ground-meat-preparations,1
en:biscuits-or-cookies-variety-packs,1
en:dietary-jams,1
en:puffed-rice-cakes-with-black-chocolate,1
en:filled-white-chocolates,1
en:flavoured-white-chocolates,1
en:strawberry-cereal-bars,1
en:frozen-meat-preparations,1
en:strong-beers,1
en:refined-coco-oils,1
en:alimento-liquido-de-soya-sabor-guanabana-fortificado-con-vitaminas-y-zinc,1
en:cereals-for-babies,1
en:corn-tortilla,1
en:citrus-honeys,1
en:orange-blossom-honeys,1
en:rock-candies,1
en:from-24-months,1
en:broccoli-florets,1
en:blueberry-nectars,1
en:pork-sausages,1
en:plain-greek-style-yogurts,1
en:ice-cream-in-a-box,1
en:orange-based-beverages,1
en:filled-milk-chocolates,1
en:chocolate-truffles,1
en:onion-powder,1
en:whisky,1
en:scotch-whisky,1
en:plant-based-ice-creams,1
en:macaroni-and-cheese,1
en:conserven,1
en:conserven-producten-in-blik-pot,1
en:groente-en-afgeleide-producten,1
en:groenten-in-blik-pot,1
en:plantaardige-levensmiddelen,1
en:plantaardige-levensmiddelen-en-dranken,1
en:tomaten,1
en:tomaten-en-afgeleide-producten,1
en:tomaten-in-blik-pot,1
en:voedsel-op-basis-van-fruit-en-groenten,1
en:proteina,1
en:vitamin-mineral-combinations,1
en:mineral,1
en:pan,1
en:stevia-sweetener,1
en:compuesto-b-diclofenaco,1
en:jabon-liquido-para-manos,1
en:zh-hans-miel-de-abeja-nattura-miel,1
en:crema,1
en:neapolitan-sauces,1
en:tomato-sauces-with-mushrooms,1
en:Sauzen,1
en:Smaakmakers,1
en:Tomatensauzen,1
en:bolognaisesauzen,1
en:pastasauzen,1
en:pastasauzen-met-vlees,1
en:sauzen,1
en:smaakmakers,1
en:vegetables-based,1
en:vleesproducten,1
en:vleessauzen,1
en:cereal-bar-with-almonds-or-hazelnuts,1
en:flavoured-peanut-butters,1
en:olive-oils-from-spain,1
en:canned-tomato-purees,1
en:Vegan Chocalate Protein Powder,1
en:from-6-months,1
en:sea-products,1
en:tuna-in-water,1
en:bilberries-jams,1
en:nut-stuffed-wafers,1
en:hazelnut-cream-stuffed-wafers,1
en:rice-flakes,1
en:white-wines,1
en:11-white-wine,1
en:chamomile-tea,1
en:ginger-tea,1
en:hibiscus-tea,1
en:Imitation bacon chips,1
en:Bebida energética,1
en:crema-para-cafe,1
en:granulated-sugars,1
en:onigiri,1
en:wine-vinegars,1
en:red-wine-vinegars,1
en:ginger-powder,1
en:rosemary,1
en:paprika,1
en:cooked-vegetables,1
en:taro-tubers,1
en:cooked-taro-tubes,1
en:taro-chips,1
en:vegetarian,1
en:raised-bran,1
en:mayonnaise-made-with-avocado-oil,1
en:vegetarian-patties,1
en:hash-browns,1
en:puffed-rice-cakes-with-milk-chocolate,1
en:cream-of-tomato-soups,1
en:50-63-blended-fat-with-vegetable-and-animal-origins,1
en:carrot-juices,1
en:legumbres,1
en:refrigerated-squeezed-juices,1
en:instant-powder-for-cappuccino-with-chocolate,1
en:tzatzikis,1
en:cereal-butters,1
en:tahini,1
en:harinas,1
en:brava-sauce,1
en:gummy-bears,1
en:vegano,1
en:saborizante,1
en:peaches,1
en:nectarines,1
en:comida-galletas,1
en:fresh-milks,1
en:spanish-omelettes,1
en:sliced-champignon-mushrooms,1
en:from-8-months,1
en:diced-ham,1
en:ground-cumin-seeds,1
en:pecan-nuts,1
en:plain-pecan-nuts,1
en:coconut-candy,1
en:fresh-fruits,1
en:fresh-raspberries,1
en:butter-beans,1
en:canned-butter-beans,1
en:bianchi-di-spagna,1
en:pineapple-yogurts,1
en:yellow-sweet-peppers,1
en:puffed-salty-snacks-potato-soy-based,1
en:puffed-salty-snacks-made-from-maize-with-peanuts,1
en:croissants,1
en:baking-powders,1
en:oranges,1
en:catsup,1
en:plain-rice-based-drinks,1
en:ham-sandwiches,1
en:sandwich-made-with-loaf-bread,1
en:bebida,1
en:plantain-chips,1
en:sour-creams,1
en:paninis,1
en:rums,1
en:baby-follow-on-milk-from-3-years,1
en:from-3-years,1
en:roasted-coffee-beans,1
en:punchs,1
en:mexico,1
en:aceite,1
en:cacahuates,1
en:dots,1
en:plastic,1
en:slime,1
en:high-fructose-corn-syrups,1
en:dried-tortilla-chips,1
en:chicken-substitute,1
en:chicken-tender,1
en:vegan,1
en:chamoy,1
en:Lacteos,1
en:erythritol,1
en:arepas,1
en:atun,1
en:dried-mangoes,1
en:salted-cashews,1
en:pork-ribs,1
en:crunchy-peanut-turron,1
en:sazonador,1
en:grana-padano,1
en:camemberts,1
en:cow-camemberts,1
en:camemberts-from-pasteurized-cow-milk,1
en:whole-pasteurised-milks,1
en:jack-cheese,1
en:shelled-pumpkin-seeds,1
en:collagen-protein,1
en:corn-syrups,1
en:organic-grapes,1
en:partially-skimmed-chocolate-milks,1
en:partially-skimmed-chocolate-flavoured-milk-with-sugar-fortified-with-vitamins-and-chemicals-elements,1
en:dried-apricots,1
en:cereal-de-maiz-integral-con-sabor-a-canela-y-chicolate,1
en:cereal-de-maiz-integral-con-sabor-a-canela-y-chocolate,1
en:cinnamon-cereal,1
en:fortificado-con-vitaminas-y-minerales,1
en:jugo,1
en:cafe,1
en:cafe-instantaneo,1
en:caramel-stuffed-wafers,1
en:chile-seco,1
en:oatmilk,1
en:cured-cheeses,1
en:breads-with-nuts,1
en:margarines-with-plant-sterols-esters,1
en:30-40-lightly-salted-vegetable-fat-with-plant-sterols-esters,1
en:prune-yogurts,1
en:fruit-and-vegetable-juices,1
en:dry-sausages,1
en:burrata,1
en:cow-burrata,1
en:wheat-brans,1
en:fat-free-plain-fresh-cream-cheese,1
en:spanish-bakery-products,1
en:tortillas-flour,1
en:orange-juices-with-pulp,1
en:panela,1
en:burritos,1
en:green-peas,1
en:canned-peas,1
en:totopos,1
en:misos,1
en:maasdam,1
en:pure-peanut-butters,1
en:coffee-with-milk-with-sugar,1
en:juice,1
en:beverage-variety-packs,1
en:cream-puff,1
en:supplement,1
en:cereal-chocolates,1
en:Kinder chocolate,1
en:sweet-potato-crisps,1
en:potato-dishes,1
en:potato-salads,1
en:botana,1
en:miguelito,1
en:sabritas,1
en:pickles-relishes-chutneys-olives-variety-packs,1
en:squeezed-fruit-juices,1
en:crepes,1
en:snack-bars,1
en:cereales,1
en:cereales-para-desayuno,1
en:cotton-candy-sugars,1
en:chewing-gum-with-sugar,1
en:breaded-fish,1
en:pineapple-juices,1
en:puffed-wheat,1
en:canned-seaweeds,1
en:wakame-seaweeds,1
en:canned-wakame-seaweeds,1
en:herbal-tea-blends,1
en:beef-sausages,1
en:assorted-chocolate-candies,1
en:suplements,1
en:leche,1
en:dulces,1
en:baking,1
en:pizza-with-ham-and-cheese,1
en:breakfast-cereals-fortified-with-vitamins-and-chemical-elements,1
en:breakfast-cereals-rich-in-fibre,1
en:breakfast-cereals-rich-in-fibre-fortified-with-vitamins-and-chemical-elements,1
en:breakfast-cereals-rich-in-fibre-with-fruits-fortified-with-vitamins-and-chemical-elements,1
en:cereal-clusters-with-fruits,1
en:fajitas,1
en:meat-based-pasta-sauces,1
en:bolognese-sauces,1
en:cheese-sauces,1
en:tomato-sauces-with-basil,1
en:plum-pastes,1
en:amber-maple-syrups,1
en:chocolate-covered-nuts-and-fruits-mixes,1
en:fruit-jellies,1
en:gerber,1
en:tortilla-de-harina,1
en:coffe,1
en:mint,1
en:spearmint,1
en:beef-dishes,1
en:corned-beef,1
en:artichokes,1
en:aubergines,1
en:melanzane,1
en:ravioli,1
en:chinese-raviolis,1
en:wonton,1
en:fermented-milk-drinks-with-fruits,1
en:nut-based-snacks,1
en:flavoured-nuts,1
en:flavoured-pistachios,1
en:pears,1
en:bananas,1
en:appetite-control,1
en:carrots,1
en:dried-seaweeds,1
en:dried-nori-seaweeds,1
en:dried-nori-seaweed-sheets,1
en:sushi-rice,1
en:pepperoni-pizzas,1
en:agua-mineral,1
en:tilapia,1
en:ground-almonds,1
en:Juice,1
en:chickpea-flours,1
en:yogurts-with-fruits-and-sugar,1
en:fruit-preserves,1
en:fruit-jams,1
en:mixed-jams,1
en:milk-chocolates-with-almonds,1
en:short-grain-rices,1
en:vegetables-from-spain,1
en:arborio-rices,1
en:rice,1
en:medium-grain-rices,1
en:carnaroli-rices,1
en:italian-rices,1
en:nuoc-mam-sauce,1
en:anchovies,1
en:marinated-anchovy-fillets,1
en:marinated-anchovy-fillets-with-vegetable-oil,1
en:fregula,1
en:dinner,1
en:miglio,1
en:emmer,1
en:farro,1
en:olive-oils-from-italy,1
en:olive-oils-from-colline-salernitane,1
en:pearled-barley,1
en:canned-tomato-puree,1
en:pure-di-verdure,1
en:pure,1
en:mole,1
en:black-rices,1
en:organic-lentils,1
en:peperoni,1
en:couscous,1
en:paccheri,1
en:durum-wheat-penne,1
en:trofie,1
en:uncooked,1
en:truffle-flavoured-oils,1
en:black-truffle-extra-virgin-olive-oil,1
en:chilli-pepper-extra-virgin-olive-oil,1
en:white-truffle-extra-virgin-olive-oil,1
en:lemon-extra-virgin-olive-oil,1
en:main-meals-for-babies,1
en:tonic-water,1
en:wheat-crumbs,1
en:dried-figs,1
en:fresh-sprouts,1
en:fresh-legume-sprouts,1
en:alfalfa-sprouts,1
en:fresh-alfalfa-sprouts,1
en:Nicotine,1
en:chocolate-coated-almonds,1
en:mandarins,1
en:fairy-cakes,1
en:raisins,1
en:trouts,1
en:smoked-trouts,1
en:celery,1
en:canned-quartered-champignon-mushrooms,1
en:dark-chocolate-biscuits,1
en:biscuit-with-a-dark-chocolate-bar-covering,1
en:mini-baguettes,1
en:hazelnuts,1
en:sushi-and-maki,1
en:sushis,1
en:cherries-in-syrup,1
en:squid,1
en:compotes-to-drink,1
en:tinned-tomatoes,1
en:plant-based-pates,1
en:vegetarian-tofu-pates,1
en:semi-preserved-foods,1
en:frozen-tropical-fruits,1
en:Bactericide,1
en:palomitas-de-maiz,1
en:palomitas-de-maiz-saladas,1
en:snacks-salados,1
en:passion-fruits,1
en:ice-cream-bars-coated-with-chocolate,1
en:bolognese-style-pasta,1
en:tomato-soups,1
en:Golosinas,1
en:fresh-pasta,1
en:mango-yogurts,1
en:wraps,1
en:vegetarian-wraps,1
en:quinces,1
en:paquetes-variados-de-productos-lacteos,1
en:thin-crunchy-wafer-biscuit-with-chocolate,1
en:wafer-chocolate,1
en:greek-style-yogurts-plain,1
en:mashed-tomatoes,1
en:cosmeticos,1
en:turmeric-powder,1
en:sauces-and-condiments-variety-packs,1
en:frozen-soups,1
en:Yogures,1
en:roast-beef,1
en:pot-noodles,1
en:quartered-champignon-mushrooms,1
en:food-colorings,1
en:Saborizantes artificiales,1
en:sport beverage,1
en:Chile de árbol,1
en:Chile seco,1
en:chocolate-ice-cream-tubs,1
en:dried-aromatic-plants,1
en:bay-laurel,1
en:dried-bay-laurel,1
en:peppercorns,1
en:black-peppercorns,1
en:C,1
en:beef-steaks,1
en:ground-steaks,1
en:frozen-steaks,1
en:ground-beef-steaks,1
en:frozen-ground-steaks,1
en:frozen-ground-beef-steaks,1
en:reconstituted-chicken-nuggets,1
en:coconuts-and-their-products,1
en:sparkling-wines,1
