categoria_hoja,n
en:groceries,394
en:biscuits,321
en:sweetened-beverages,252
en:milks,155
en:cereals-and-their-products,124
en:breakfast-cereals,121
en:crisps,113
en:cheeses,104
en:flavoured-yogurts,97
en:pasteurized-cheeses,80
en:yogurts,77
en:cereal-bars,76
en:greek-style-yogurts,75
en:confectioneries,66
en:refrigerated-foods,66
en:waters,64
en:candies,62
en:snacks,60
en:breads,58
en:tunas,58
en:jams,55
en:mueslis,53
en:artificially-sweetened-beverages,51
en:chocolates,51
en:bars,50
en:frozen-ready-made-meals,47
en:flavored-waters,46
en:dehydrated-soups,45
en:butters,44
en:fruit-juices,44
en:durum-wheat-pasta,43
en:beverages,42
en:toasts,41
en:refried-beans,41
en:salty-snacks,40
en:oat,38
en:ice-creams,38
en:instant-coffees,37
en:cereal-flours,36
en:panela-cheeses,36
en:dairies,36
en:fruit-yogurts,35
en:cereal-grains,34
en:mayonnaises,34
en:sodas,34
en:sweeteners,33
en:peanuts,33
en:dietary-supplements,33
en:popcorn,32
en:colas,32
en:alcoholic-beverages,32
en:fruit-based-beverages,31
en:almond-based-drinks,31
en:peanut-butters,30
en:honeys,30
en:pastas,29
en:potato-crisps,29
en:lactose-free-milk,28
en:Groceries,27
en:salted-popcorn,27
en:coffees,26
en:corn-flakes,26
en:corn-chips,26
en:soups,26
en:marmalades,26
en:sweet-spreads,25
en:energy-drinks,25
en:tabletop-sweeteners,25
en:eggs,25
en:creams,24
en:dried-fruits,24
en:vegetables-based-foods,24
en:carbonated-drinks,24
en:cakes,23
en:frozen-vegetables,23
en:milk-powders,23
en:turkey-breasts,23
en:flavored-sparkling-waters,22
en:sliced-breads,22
en:wholemeal-breads,22
en:manchego,22
en:rices,22
en:sweet-snacks,21
en:plain-yogurts,21
en:protein-powders,21
en:extruded-cereals,20
en:ice-creams-and-sorbets,20
en:coconut-waters,20
en:whole-milks,20
en:soy-based-drinks,20
en:olive-oils,19
en:stacked-extruded-potato-crisps,18
en:hot-sauces,18
en:chocolate-biscuits,18
en:turkeys,18
en:plant-based-milk-alternatives,18
en:tomato-sauces,18
en:cocoa-and-hazelnuts-spreads,17
en:coconut-milks-and-creams,17
en:turkey-sausages,17
en:crackers-appetizers,16
en:extra-virgin-olive-oils,16
en:chocolate-powders,16
en:fruits-in-syrup,16
en:melted-cheese,16
en:canned-foods,16
en:sausages,16
en:yogurt-drinks,16
en:frozen-fruits,16
en:appetizers,16
en:cake-mixes,15
en:coconut-oils,15
en:quinoa,15
en:fruit-and-soy-beverages,15
en:pork-meals,15
en:canola-oils,15
en:vegetable-fats,15
en:jelly-desserts,15
en:gelatin,15
en:teas,15
en:cheese-spreads,14
en:wholemeal-sliced-breads,14
en:cow-milks,14
en:instant-beverages,14
en:syrups,14
en:italian-pasta,14
en:dry-biscuits,14
en:strawberry-jams,14
en:seafood,14
en:ice-pops,14
en:puffed-rice-cakes,14
en:caramels,14
en:energy-bars,14
en:ketchup,13
en:meats,13
en:unsalted-margarines,13
en:canned-vegetables,13
en:strawberry-yogurts,13
en:salad-dressings,13
en:beers,13
en:corn,13
en:chorizo,13
en:vinegars,13
en:fried-foods,13
en:fresh-eggs,13
en:mexican-cheeses,13
en:filled-biscuits,12
en:rolled-oats,12
en:sauces,12
en:corn-starch,12
en:mineral-waters,12
en:drinkable-yogurts,12
en:fresh-meats,12
en:canned-tunas,12
en:spices,12
en:organic,12
en:protein-bars,11
en:unsweetened-beverages,11
en:ice-cream-tubs,11
en:fruit-juices-from-concentrate,11
en:white-breads,11
en:biscuits-and-cakes,11
en:wheat-flours,11
en:oatmeal-cookies,11
en:herbal-teas,11
en:avocado-oils,11
en:evaporated-milks,11
en:chocolate-milks,11
en:spaghetti,11
en:chia,11
en:ice-cream-bars,11
en:dairy-drinks,11
en:frozen-strawberries,11
en:hams,11
en:sugar-free-chewing-gum,11
en:condiments,11
en:fruit-nectars,10
en:crispbreads,10
en:puffed-cereals,10
en:hamburger-buns,10
en:pastries,10
en:potatoes,10
en:cocoa-and-chocolate-powders,10
en:meals,10
en:apple-nectars,10
en:tunas-in-oil,10
en:chickens,10
en:bonbons,10
en:artificial-sugar-substitutes,9
en:iced-teas,9
en:instant-chocolate-powders,9
en:dark-chocolates,9
en:orange-juices,9
en:common-beans,9
en:instant-noodle-soups,9
en:plant-based-foods,9
en:pork,9
en:soy-sauces,9
en:mixes-for-jelly-desserts,9
en:cocoa-powders,9
en:flavoured-potato-crisps,9
en:chocolate-candies,9
en:oat-based-drinks,9
en:prepared-meats,9
en:canned-tomatoes,9
en:grated-cheese,8
en:natural-mineral-waters,8
en:cornmeal,8
en:plant-based-beverages,8
en:cereal-flakes,8
en:olives,8
en:green-pitted-olives,8
en:canned-common-beans,8
en:salads,8
en:seeds,8
en:tuna-in-olive-oil,8
en:sugar-substitutes,8
en:gummi-candies,8
en:refrigerated-meals,8
en:bars-covered-with-chocolate,8
en:fats,8
en:virgin-olive-oils,8
en:mustards,8
en:sardines,8
en:fruit-and-milk-beverages,8
en:frozen-desserts,8
en:desserts,8
en:margarines,8
en:fruit-sodas,8
en:wafers,8
en:milk-substitutes,8
en:green-teas,8
en:kefir,7
en:flours,7
en:almond-butters,7
en:condensed-milks,7
en:dessert-mixes,7
en:nut-bars,7
en:liquid-honeys,7
en:hummus,7
en:chewing-gum,7
en:chocolate-cereal-bars,7
en:milk-jams,7
en:infant-formulas,7
en:dried-cranberries,7
en:salts,7
en:pizzas-pies-and-quiches,7
en:spring-waters,7
en:almonds,7
en:milk-chocolates,7
en:tea-bags,7
en:vitamins,7
en:creamer,6
en:wheat-breads,6
en:diet-cola-soft-drink,6
en:madeleines,6
en:dairy-desserts,6
en:dips,6
en:chocolate-sandwich-cookies,6
en:peas,6
en:puffed-wholegrain-rice-cakes,6
en:milk-chocolates-with-hazelnuts,6
en:green-stuffed-olives,6
en:chocolate-cereals,6
en:orange-nectars,6
en:raw-cured-ham,6
en:corn-oils,6
en:soybean-oils,6
en:tomatoes,6
en:precooked-rices,6
en:fruits,6
en:sugars,6
en:canned-corn,6
en:low-fat-yogurts,6
en:milkshakes,6
en:bodybuilding-supplements,6
en:wavy-potato-crisps,6
en:apple-juices,6
en:juices-and-nectars,6
en:dietary-drink-for-sport,6
en:kombuchas,6
en:nuts,6
en:vegetables,6
en:meat-analogues,5
en:carbonated-waters,5
en:agave-syrups,5
en:non-alcoholic-beverages,5
en:dehydrated-beverages,5
en:flavoured-milks,5
en:pound-cake,5
en:canned-red-kidney-beans,5
en:sweetened-yogurts,5
en:strawberry-milks,5
en:peeled-tomatoes,5
en:panettone,5
en:penne-rigate,5
en:balsamic-vinegars-of-modena,5
en:barbecue-sauces,5
en:mango-nectars,5
en:grape-seed-oils,5
en:sardines-in-tomato-sauce,5
en:coconut-based-drinks,5
en:flans,5
en:fresh-vegetables,5
en:black-pitted-olives,5
en:instant-noodles,5
en:frozen-fried-potatoes,5
en:cheese-substitutes,5
en:flavoured-milk-chocolates,5
en:smoked-bacon,5
en:extruded-crispbreads,5
en:pestos,5
en:dairy-variety-packs,5
en:brownies,4
en:toaster-pastries,4
en:products-without-gluten,4
en:pancake-mixes,4
en:jugos,4
en:grape-juices,4
en:sugarfree-candies,4
en:plant-based-meals,4
en:whole-milk-yogurts,4
en:breadsticks,4
en:candy-chocolate-bars,4
en:mixed-cereal-flakes,4
en:bread-crumbs,4
en:special-breads,4
en:wheats,4
en:semi-skimmed-milks,4
en:lemonade,4
en:amaranth,4
en:chili-peppers,4
en:bakery-products,4
en:cheddar-cheese,4
en:vanilla-extract,4
en:cream-cheeses,4
en:bagel-breads,4
en:guava-nectars,4
en:chips-and-fries,4
en:plant-based-spreads,4
en:fruits-cereal-bars,4
en:meals-with-fish,4
en:salmons,4
en:instant-mashed-potatoes,4
en:canned-soups,4
en:churros,4
en:vanilla-ice-cream-bars,4
en:yogurts-with-cereals,4
en:chicken-nuggets,4
en:salted-margarines,4
en:green-olives-stuffed-of-peppers,4
en:green-olives,4
en:pistachios,4
en:mixed-nuts,4
en:dried-bananas,4
en:milk-chocolate-candies,4
en:lollipops,4
en:compotes,4
en:pineapple-nectars,4
en:wheat-flatbreads,4
en:mantecados-and-polvorones,4
en:parmigiano-reggiano,4
en:chocolate-chip-cookies,4
en:protein-shakes,4
en:dried-prunes,4
en:mixed-puffed-cereals,4
en:fishes,4
en:tunas-in-brine,4
en:soy-beans,4
en:mexiacan-coffee,4
en:liqueurs,4
en:roasted-peanuts,4
en:tofu,4
en:dried-meats,4
en:cottage-cheeses,4
en:toppings,4
en:smoked-sausages,4
en:cow-milk-yogurts,4
en:tomato-juices,3
en:raspberry-jams,3
en:pizzas,3
en:whole-or-semi-whole-durum-wheat-pasta,3
en:black-teas,3
en:pretzel,3
en:vanilla-almond-based-drinks,3
en:skimmed-milks,3
en:fruit-pastes,3
en:aloe-vera-drinks,3
en:chocolate-biscuity-bars,3
en:apple-compotes,3
en:cured-cheese,3
en:whole-wheat-flours,3
en:rice-flours,3
en:multigrain-sliced-breads,3
en:provolone,3
en:rigatoni,3
en:mussels-with-escabeche,3
en:sandwich-biscuits,3
en:gluten-free-biscuits,3
en:puffed-corn-cakes,3
en:fruits-based-foods,3
en:flatbreads,3
en:milk-chocolate-bar-with-nougat,3
en:vegetarian-vienna-sausages,3
en:chicken-breasts,3
en:peach-nectars,3
en:white-hams,3
en:cereal-bars-with-nuts,3
en:coffee-drinks,3
en:walnuts,3
en:sesame-oils,3
en:stews,3
en:lentils,3
en:chocolate-stuffed-wafers,3
en:stuffed-wafers,3
en:licensed-products,3
en:coconuts,3
en:broths,3
en:canned-mussels,3
en:pickled-capers,3
en:apple-yogurts,3
en:frozen-foods,3
en:rice-puddings,3
en:frozen-pizzas,3
en:cheesecakes,3
en:lactose-free-yogurts,3
en:maple-syrups,3
en:coated-peanuts,3
en:instant-pasta,3
en:salty-snacks-made-from-potato,3
en:rice-based-drinks,3
en:corn-flatbreads,3
en:ground-coffees,3
en:baby-foods,3
en:salted-peanuts,3
en:apples,3
en:uht-milks,3
en:crispy-biscuits,3
en:beans,3
en:red-quinoa,3
en:non-alcoholic-beers,3
en:milk-chocolate-bar,3
en:fresh-cheeses,3
en:puffed-rice,3
en:avocados,3
en:chicken-eggs,3
en:oat-flours,3
en:cider-vinegars,3
en:guacamoles,3
en:sandwiches-with-ham-and-emmental-cheese-and-butter,3
en:purees,3
en:cereals-with-fruits,3
en:plant-based-foods-and-beverages,3
en:mozzarella,3
en:dates,3
en:turkey-and-its-products,3
en:fruit-smoothies,3
en:cereals-with-caramel,3
en:beef,3
en:chips,3
en:rice-from-italy,3
en:pastry-helpers,2
en:baking-powder-or-raising-agent,2
en:tarta-de-trigo,2
en:cooking-helpers,2
en:non-alcoholic-beverages-ready-to-drink,2
en:cheese-pizzas,2
en:Tortillas,2
en:simple-syrups,2
en:blueberries,2
en:tomato-ketchup,2
en:spice-mix,2
en:havarti,2
en:Snacks-salados,2
en:marzipan,2
en:pays,2
en:whole-black-olives,2
en:tapioca,2
en:panko,2
en:plant-based-pickles,2
en:cherry-jams,2
en:mueslis-with-nuts,2
en:white-chocolates,2
en:edam,2
en:cooked-chicken-breast-slices,2
en:tuna-in-brine,2
en:soft-drinks,2
en:diet-sodas,2
en:egg-white,2
en:bicarbonates-of-soda,2
en:caramel-chocolate-bars,2
en:dolce-gusto-compatible-coffee-capsules,2
en:durum-wheat-spaghetti,2
en:tagliatelle,2
en:sardines-in-olive-oil,2
en:green-olives-stuffed-of-anchovies,2
en:stuffed-olives,2
en:unsweetened-plain-oat-based-drinks,2
en:canned-chickpeas,2
en:vegetable-juices,2
en:creamy-peanut-turron,2
en:hot-dog-sandwiches,2
en:worcestershire-sauces,2
en:gouda,2
en:chocolate-spreads,2
en:cane-sugar,2
en:goat-cheeses,2
en:wheat-bran-sticks,2
en:toasted-sesame,2
en:vanilla-milks,2
en:baby-milks,2
en:pulses,2
en:brown-rices,2
en:guava-jams,2
en:mushrooms,2
en:berry-jams,2
en:bruschetta-spreads,2
en:dried-tomatoes,2
en:chickpeas,2
en:prepared-rices,2
en:pasta-dishes,2
en:durum-wheat-semolinas-for-couscous,2
en:tes,2
en:sardines-in-oil,2
en:bouillon-cubes,2
en:anchovy-fillets,2
en:pickles,2
en:peach-yogurts,2
en:crema-batida,2
en:plant-based-creams,2
en:chicken-wings,2
en:waffles,2
en:gherkins,2
en:meat-alternatives,2
en:frozen-pizzas-and-pies,2
en:chocolate-covered-almonds,2
en:cashew-nuts,2
en:strawberries,2
en:almond-milk-yogurts,2
en:potato-crisps-with-salt,2
en:mixed-plant-milks,2
en:peach-jams,2
en:common-wheat-flours,2
en:non-dairy-yogurts,2
en:beverages-with-cranberry,2
en:dry-pastas,2
en:decaffeinated-instant-coffees,2
en:vegetariano,2
en:dairy-by-products,2
en:squeezed-orange-juices,2
en:cooked-chicken,2
en:multifruit-juices,2
en:nuts-and-their-products,2
en:apple-soft-drinks,2
en:black-beers,2
en:canned-meats,2
en:chamomile,2
en:pitted-olives,2
en:cow-cheeses,2
en:fruits-and-vegetables-based-foods,2
en:unsalted-butters,2
en:dried-bilberries,2
en:from-18-months,2
en:yellowfin-tunas,2
en:fermented-milk-products,2
en:pancakes,2
en:corn-semolinas-for-polenta,2
en:coconut-yogurts,2
en:beverages-with-orange,2
en:milk-bread-rolls,2
en:marsh-mallow-tea,2
en:homogenized-milks,2
en:sugar-coated-chocolate-confectioneries,2
en:small-crackers,2
en:sugared-popcorn,2
en:strained-tomatoes,2
en:sunflower-oils,2
en:artisan-products,2
en:refrescos,2
en:powdered-cappucino,2
en:pickled-vegetables,2
en:non-food-products,2
en:sweet-and-sour-sauces,2
en:textured-soy-protein,2
en:belgian-beers,2
en:chocolate-cereal-balls,2
en:ciders,2
en:durum-wheat-pasta-with-egg,2
en:lactose-free-cheeses,2
en:tuna-chunks,2
en:shortbread-cookies,2
en:oat-groats,2
en:mezcal,2
en:wines,2
en:teriyaki-sauces,2
en:biscuit-with-a-milk-chocolate-bar-covering,2
en:13-red-wine,2
en:puffed-quinoa,2
en:hard-candies,2
en:caramelized-peanuts,2
en:wheat-beers,2
en:dairy-chocolate-desserts,2
en:dulce,2
en:nut-based-drinks,2
en:sangria,2
en:ghee,2
en:uht-creams,2
en:unsweetened-plain-almond-based-drinks,2
en:fermented-drinks,2
en:dijon-mustards,2
en:salsa,2
en:cranberry-juices,2
en:flavoured-dark-chocolates,2
en:vanilla-rice-based-drinks,2
en:vegetarian-sausages,2
en:thousand-island-dressing,2
en:neules,2
en:carbonated-mineral-waters,2
en:biscuits-with-nuts,2
en:fresh-tomatoes,2
en:arabica-ground-coffees,2
en:cocoa-and-its-products,2
en:cereals-and-potatoes,2
en:smoked-salmons,2
en:pasta-sauces,2
en:fried-tomato-sauces,2
en:double-cream-cheeses,2
en:frozen-berries,2
en:spanish-cheeses,2
en:light-mayonnaises,2
en:berries,2
en:pitas,2
en:powdered-almond-milks,2
en:beverages-from-desugared-fruit-juices,2
en:rum-based-alcoholic-beverages,2
en:prepared-salads,2
en:marshmallows,2
en:dark-chocolate-bar,2
en:non-open-products-facts,2
en:soy-flakes,2
en:fusilli,2
en:leaf-salads,2
en:flavoured-drinks,2
en:dried-hams,2
en:pates-a-tartiner,2
en:orzo,2
en:snacks-and-desserts-for-babies,2
en:powdered-oat-milks,2
en:carbonated-fruit-soft-drink,2
en:first-age-baby-milk-powder,2
en:vitamin-supplements,2
en:fermentados,1
en:undefined,1
en:betun,1
en:Undefined,1
en:Vegan condiments,1
en:Fortified Almond Beverage,1
en:puré,1
en:sports-drink,1
en:crema-de-cacahuate,1
en:Cremas de cacahuate,1
en:Crema de untar,1
en:snaks-dulces,1
en:Tartes-sucrées,1
en:Empanizador,1
en:empanizador,1
en:soft-cake-filled-with-fruits,1
en:chicken-broth,1
en:crutones,1
en:Grain products,1
en:productos,1
en:tea-based-beverages,1
en:ate,1
en:snacks-sales,1
en:mostazas-de-rabano-picante,1
en:Relleno para pay,1
en:relleno-para-pay,1
en:salted-pistachios,1
en:produits-deshydrates,1
en:comestibles,1
en:chocolate-covered-biscuits,1
en:Salsas de chiles,1
en:muenster-cheese,1
en:cane-sugars,1
en:pasteles-de-gloria,1
en:grape-juices-from-concentrate,1
en:Ananas juice,1
en:honey-cereal-balls,1
en:honey-mustards,1
en:durum-wheat-plates-for-cannelloni,1
en:patatas-fritas-de-maiz,1
en:mueslis-with-fruits,1
en:cow-mozzarella,1
en:crystallized-ginger,1
en:miso-soup,1
en:figs-jams,1
en:Petit-déjeuners,1
en:vegetatables,1
en:plats-prepares,1
en:orange-jams,1
en:confitures-de-fruits,1
en:creme-confiture-d-ipomee,1
en:hot-dog-buns,1
en:Cereal and odd bread,1
en:extruded-flakes,1
en:breakfast-cereals-filled-with-chocolate-hazelnuts,1
en:pickled-peppers,1
en:sliced-cheeses,1
en:guisados,1
en:dried-coconut,1
en:yogurt-con-manzana,1
en:plain-low-fat-yogurts,1
en:Cafe,1
en:pineapple-in-syrup,1
en:alimentos-y-bebidas-de-origen-vegetal-alimentos-de-origen-vegetal-cereales-y-patatas-cereales-y-derivados-harinas-de-origen-vegetal-harinas-de-cereales,1
en:snacks-dulces,1
en:alimento-liquido,1
en:corn-crackers,1
en:chocolate-cakes,1
en:lagers,1
en:pflanzliche-lebensmittel-und-getränke,1
en:plain-biscuit,1
en:freeze-dried-instant-coffees,1
en:cherry-tomatoes,1
en:chocolate-soft-cake,1
en:Snacks sucrés,1
en:cantucci,1
en:linguine,1
en:rusks,1
en:dry-durum-wheat-pasta,1
en:whole-durm-wheat-spaghetti,1
en:liquid-fish-broths,1
en:liquid-chicken-broths,1
en:Galletas María,1
en:whole-dates,1
en:croutons,1
en:sausages-from-spain,1
en:canned-fishes,1
en:boissons-énergisantes,1
en:strawberry-compotes,1
en:strawberry-biscuits,1
en:evaporated-milks-without-sugar,1
en:arabica-coffee-beans,1
en:cotija-cheese,1
en:stevia-leaves,1
en:ricotta,1
en:mango-based-beverages,1
en:orange-mango-nectars,1
en:multijuice-nectars,1
en:processed-cheeses,1
en:whipped-creams,1
en:shredded-mozzarella,1
en:salami,1
en:salted-spreads,1
en:chocolate-almond-based-drinks,1
en:prepared-vegetables,1
en:safflower-oils,1
en:pinto-beans,1
en:flavoured-oils,1
en:cream-of-champignon-mushroom-soups,1
en:puffed-rice-cakes-with-white-chocolate,1
en:puffed-cereal-cakes,1
en:corn-pasta,1
en:flax-seeds,1
en:puffed-multigrain-cakes,1
en:mango-jams,1
en:concentrated-tomato-juices,1
en:canned-sardines,1
en:shrimps,1
en:canned-albacore-in-olive-oil,1
en:cream-of-asparagus-soups,1
en:canned-red-peppers,1
en:asparagus,1
en:canned-white-asparagus,1
en:blueberry-yogurts,1
en:fermented-dairy-desserts,1
en:Crema-de-cacahuate,1
en:half-salted-butter,1
en:botanas-snacks-salados,1
en:Sustituto de crema en polvo,1
en:thickeners,1
en:broccoli,1
en:blackberries,1
en:english-muffins,1
en:honey-yogurts,1
en:black-chopped-olives,1
en:green-chopped-olives,1
en:coffee-ice-cream-tubs,1
en:hamburgers,1
en:dried-mixed-fruits,1
en:smoked-almonds,1
en:caramelized-almonds,1
en:pumpkin-seeds,1
en:egg-free-mayonnaises,1
en:Instantáneos,1
en:Sopas,1
en:green-sauces,1
en:sweetened-plain-soy-based-drinks,1
en:canned-meals,1
en:lacteos-fermented-foods,1
en:botanas-snacks-salados-aperitivos-patatas-fritas-chips-fritos-salty-snacks-made-from-potato,1
en:liquid-caramel,1
en:plain-porridge,1
en:Whey protein,1
en:juices,1
en:polvo-para-bebidas,1
en:crackers,1
en:rice-paper,1
en:artisan-cheeses,1
en:olive-oil-sprays,1
en:herbal-tea-beverages,1
en:coffee-beans,1
en:mixed-fruit-jams,1
en:flavoured-corn-crisps,1
en:wheat-bread-flour,1
en:oil,1
en:craft-beers,1
en:flavoured-syrups,1
en:black-olives,1
en:whole-champignon-mushrooms,1
en:cookies-with-milk-chocolate,1
en:dark-chocolate-bar-with-more-than-70-cocoa,1
en:puffed-salty-snacks-made-from-maize,1
en:pork-liver-pates,1
en:poultry-broth,1
en:anchovy-paste,1
en:refresco-de-cola,1
en:fruit-cakes,1
en:carbonated-natural-mineral-waters,1
en:muscovado,1
en:hazelnut-spreads,1
en:chili-powders,1
en:wines-from-spain,1
en:noodles,1
en:macarons,1
en:refined-olive-oils,1
en:carbonated-soft-drinks-without-fruit-juice-with-sugar-and-artificial-sweeteners,1
en:rice-cakes,1
en:hazelnut-butters,1
en:almond-spreads,1
en:gorgonzolas,1
en:red-delicious-apples,1
en:chocolate-chip-muffins,1
en:lettuces,1
en:coated-chocolate-bar-without-biscuit,1
en:risottos,1
en:sandwich-with-pate-and-pickles,1
en:fried-rice,1
en:shelled-sunflower-seeds,1
en:biscuits-et-gateaux,1
en:sugar-free-chocolate,1
en:chicken-seasoning,1
en:mexican-dinner-mixes-fdc,1
en:black-rice-vinegars,1
en:matcha,1
en:canned-tomato-pulp,1
en:drop-cookies,1
en:banana-yogurts,1
en:hot-beverages,1
en:greek-style-yogurts-on-a-bed-of-fruits,1
en:butter-fat,1
en:white-common-wheat-flours,1
en:tunas-in-sunflower-oil,1
en:blackberry-yogurts,1
en:herbal-teas-in-tea-bags,1
en:extra-fine-dark-chocolates,1
en:amber-beers,1
en:ginger,1
en:red-wines,1
en:shelled-pistachios,1
en:tequilas,1
en:Fruit Snacks,1
en:dried-meals,1
en:flavour-enhancers,1
en:serum,1
en:yogurt-with-strawberries,1
en:roasted-cashew-nuts,1
en:chocolate-tabs,1
en:blueberry-muffins,1
en:granizados,1
en:dried-coconut-flour,1
en:suero,1
en:sea-salts,1
en:vegetable-oils,1
en:cream-of-pumpkin-soups,1
en:canned-fruits,1
en:pineapple-in-juice,1
en:canned-fruits-in-juice,1
en:apricot-jams,1
en:meals-with-chicken,1
en:legume-seeds,1
en:barritas de fresa,1
en:vanilla-muffins,1
en:canned-peas-and-carrots,1
en:produce,1
en:almond-meal,1
en:dried-plant-based-foods,1
en:lenticchie,1
en:carbonated-soft-drinks-without-fruit-juice-with-reduced-sugar,1
en:jugo-en-polvo,1
en:molten-chocolate-cakes,1
en:egg-white-raw,1
en:pure-apple-compotes,1
en:oysters,1
en:orecchiette,1
en:dark-chocolates-with-almonds,1
en:11-rose-wine,1
en:sopa-de-vegetales,1
en:light-unsalted-margarines,1
en:banana-crisps,1
en:chocolate-coated-peanuts,1
en:Panadería,1
en:jasmine-rice,1
en:gluten-free-candy,1
en:pasteurized-butters,1
en:biscuits-or-cookies-variety-packs,1
en:smoked-fishes,1
en:chocolate-turron,1
en:dietary-jams,1
en:flavoured-white-chocolates,1
en:strawberry-cereal-bars,1
en:whole-durum-wheat-pasta,1
en:frozen-meat-preparations,1
en:strong-beers,1
en:canned-legumes,1
en:biscuit-cookie-snack-w-chocolate-filling,1
en:refined-coco-oils,1
en:alimento-liquido-de-soya-sabor-guanabana-fortificado-con-vitaminas-y-zinc,1
en:rye-breads,1
en:raspberries,1
en:cereals-for-babies,1
en:corn-tortilla,1
en:orange-blossom-honeys,1
en:rock-candies,1
en:from-24-months,1
en:broccoli-florets,1
en:blueberry-nectars,1
en:pork-sausages,1
en:eu-ingredients,1
en:plain-greek-style-yogurts,1
en:ice-cream-in-a-box,1
en:orange-based-beverages,1
en:orange-soft-drinks,1
en:chocolate-truffles,1
en:scotch-whisky,1
en:plant-based-ice-creams,1
en:squeezed-juices,1
en:macaroni-and-cheese,1
en:voedsel-op-basis-van-fruit-en-groenten,1
en:proteina,1
en:mineral,1
en:rapeseed-oils,1
en:pan,1
en:spreadable-fats,1
en:stevia-sweetener,1
en:compuesto-b-diclofenaco,1
en:jabon-liquido-para-manos,1
en:zh-hans-miel-de-abeja-nattura-miel,1
en:crema,1
en:cereal-bar-with-almonds-or-hazelnuts,1
en:flavoured-peanut-butters,1
en:olive-oils-from-spain,1
en:Vegan Chocalate Protein Powder,1
en:from-6-months,1
en:flavors,1
en:tuna-in-water,1
en:bilberries-jams,1
en:hazelnut-cream-stuffed-wafers,1
en:rice-flakes,1
en:11-white-wine,1
en:hibiscus-tea,1
en:Imitation bacon chips,1
en:Bebida energética,1
en:crema-para-cafe,1
en:granulated-sugars,1
en:onigiri,1
en:red-wine-vinegars,1
en:taro-chips,1
en:vegetarian,1
en:raised-bran,1
en:mayonnaise-made-with-avocado-oil,1
en:hash-browns,1
en:poultry-meals,1
en:puffed-rice-cakes-with-milk-chocolate,1
en:soybean-flours,1
en:apricot-nectars,1
en:cream-of-tomato-soups,1
en:50-63-blended-fat-with-vegetable-and-animal-origins,1
en:carrot-juices,1
en:legumbres,1
en:refrigerated-squeezed-juices,1
en:tzatzikis,1
en:baguettes,1
en:tahini,1
en:harinas,1
en:brava-sauce,1
en:gummy-bears,1
en:vegano,1
en:saborizante,1
en:nectarines,1
en:fermented-creams,1
en:leaf-vegetables,1
en:comida-galletas,1
en:fresh-milks,1
en:canned-sliced-champignon-mushrooms,1
en:shelled-almonds,1
en:spanish-omelettes,1
en:sliced-champignon-mushrooms,1
en:frozen-fishes,1
en:from-8-months,1
en:diced-ham,1
en:ground-cumin-seeds,1
en:cereal-based-drinks,1
en:plain-pecan-nuts,1
en:breaded-products,1
en:coconut-candy,1
en:fresh-raspberries,1
en:bianchi-di-spagna,1
en:breakfasts,1
en:vegetable-rods,1
en:pineapple-yogurts,1
en:textured-vegetable-protein,1
en:yellow-sweet-peppers,1
en:puffed-salty-snacks-made-from-maize-with-peanuts,1
en:croissants,1
en:baking-powders,1
en:italian-cheeses,1
en:catsup,1
en:sandwich-made-with-loaf-bread,1
en:bebida,1
en:plantain-chips,1
en:sour-creams,1
en:dried-products,1
en:papas-fritas,1
en:fatty-fishes,1
en:american-cheeses,1
en:paninis,1
en:rums,1
en:milkfat,1
en:roasted-coffee-beans,1
en:punchs,1
en:mexico,1
en:aceite,1
en:cacahuates,1
en:slime,1
en:high-fructose-corn-syrups,1
en:light-margarines,1
en:dried-tortilla-chips,1
en:vegan,1
en:chamoy,1
en:himalaya-salts,1
en:Lacteos,1
en:erythritol,1
en:arepas,1
en:table-salts,1
en:atun,1
en:dried-mangoes,1
en:salted-cashews,1
en:crunchy-peanut-turron,1
en:sazonador,1
en:rices-for-risotto,1
en:grana-padano,1
en:camemberts-from-pasteurized-cow-milk,1
en:biscuit-with-a-chocolate-bar-covering,1
en:tuna-salads,1
en:whole-pasteurised-milks,1
en:jack-cheese,1
en:shelled-pumpkin-seeds,1
en:collagen-protein,1
en:corn-syrups,1
en:organic-grapes,1
en:legumes,1
en:partially-skimmed-chocolate-flavoured-milk-with-sugar-fortified-with-vitamins-and-chemicals-elements,1
en:dried-apricots,1
en:fortificado-con-vitaminas-y-minerales,1
en:dairy-spreads,1
en:jugo,1
en:cafe-instantaneo,1
en:chile-seco,1
en:iodised-salts,1
en:oatmilk,1
en:cured-cheeses,1
en:30-40-lightly-salted-vegetable-fat-with-plant-sterols-esters,1
en:prune-yogurts,1
en:fruit-and-vegetable-juices,1
en:dry-sausages,1
en:cow-burrata,1
en:wheat-brans,1
en:truffle-flavoured-olive-oils,1
en:fat-free-plain-fresh-cream-cheese,1
en:spanish-bakery-products,1
en:tortillas-flour,1
en:orange-juices-with-pulp,1
en:burritos,1
en:totopos,1
en:misos,1
en:maasdam,1
en:cheeses-from-england,1
en:barley,1
en:pure-peanut-butters,1
en:coffee-with-milk-with-sugar,1
en:juice,1
en:beverage-variety-packs,1
en:cream-puff,1
en:tomato-pulps,1
en:oregano,1
en:supplement,1
en:cooked-turkey-breast-slices,1
en:cereal-chocolates,1
en:Kinder chocolate,1
en:sweet-potato-crisps,1
en:nut-butters,1
en:ground-meat-preparations,1
en:sabritas,1
en:pickles-relishes-chutneys-olives-variety-packs,1
en:toasted-bread-rolls,1
en:chocolate-desserts,1
en:crepes,1
en:snack-bars,1
en:cereales-para-desayuno,1
en:cotton-candy-sugars,1
en:beverage-preparations,1
en:chewing-gum-with-sugar,1
en:breaded-fish,1
en:pineapple-juices,1
en:puffed-wheat,1
en:canned-wakame-seaweeds,1
en:herbal-tea-blends,1
en:beef-sausages,1
en:assorted-chocolate-candies,1
en:suplements,1
en:leche,1
en:dulces,1
en:baking,1
en:pizza-with-ham-and-cheese,1
en:smoothies,1
en:cereal-clusters-with-fruits,1
en:spanish-meat-products,1
en:fajitas,1
en:tomato-sauces-with-basil,1
en:plum-pastes,1
en:tomato-purees,1
en:black-beans,1
en:amber-maple-syrups,1
en:chocolate-covered-nuts-and-fruits-mixes,1
en:gerber,1
en:tortilla-de-harina,1
en:coffe,1
en:spreads,1
en:vanilla,1
en:corned-beef,1
en:artichokes,1
en:melanzane,1
en:wonton,1
en:fermented-milk-drinks-with-fruits,1
en:flavoured-pistachios,1
en:pears,1
en:bananas,1
en:appetite-control,1
en:legume-oils,1
en:dried-nori-seaweed-sheets,1
en:sushi-rice,1
en:pepperoni-pizzas,1
en:agua-mineral,1
en:processed-cheese,1
en:mangoes,1
en:starches,1
en:pork-and-its-products,1
en:tilapia,1
en:flavoured-yogurt-drinks-with-sugar,1
en:ground-almonds,1
en:bacon,1
en:Juice,1
en:chickpea-flours,1
en:yogurts-with-fruits-and-sugar,1
en:milk-chocolates-with-almonds,1
en:oat-brans,1
en:anchovies,1
en:marinated-anchovy-fillets-with-vegetable-oil,1
en:miglio,1
en:farro,1
en:olive-oils-from-colline-salernitane,1
en:pure,1
en:creatine,1
en:mole,1
en:organic-lentils,1
en:peperoni,1
en:couscous,1
en:paccheri,1
en:trofie,1
en:uncooked,1
en:black-truffle-extra-virgin-olive-oil,1
en:chilli-pepper-extra-virgin-olive-oil,1
en:white-truffle-extra-virgin-olive-oil,1
en:lemon-extra-virgin-olive-oil,1
en:main-meals-for-babies,1
en:tonic-water,1
en:apple-juice-concentrates,1
en:frozen-meats,1
en:feta,1
en:sweet-pies,1
en:meals-with-meat,1
en:wheat-crumbs,1
en:dried-figs,1
en:balsamic-vinegars,1
en:fresh-alfalfa-sprouts,1
en:Nicotine,1
en:chocolate-coated-almonds,1
en:frozen-seafood,1
en:frankfurter-sausages,1
en:oilseed-purees,1
en:mandarins,1
en:fairy-cakes,1
en:raisins,1
en:smoked-trouts,1
en:celery,1
en:canned-quartered-champignon-mushrooms,1
en:mini-baguettes,1
en:calamari,1
en:pineapple,1
en:chocolates-with-almonds,1
en:serrano-ham,1
en:sushis,1
en:cherries-in-syrup,1
en:squid,1
en:compotes-to-drink,1
en:tinned-tomatoes,1
en:canned-champignon-mushrooms,1
en:vegetarian-tofu-pates,1
en:still-soft-drinks,1
en:Bactericide,1
en:snacks-salados,1
en:passion-fruits,1
en:ice-cream-bars-coated-with-chocolate,1
en:tomato-soups,1
en:food,1
en:Golosinas,1
en:fresh-pasta,1
en:mango-yogurts,1
en:fresh-plant-based-foods,1
en:vegetarian-wraps,1
en:quinces,1
en:paquetes-variados-de-productos-lacteos,1
en:wafer-chocolate,1
en:greek-style-yogurts-plain,1
en:mashed-tomatoes,1
en:cosmeticos,1
en:turmeric-powder,1
en:sauces-and-condiments-variety-packs,1
en:frozen-soups,1
en:Yogures,1
en:roast-beef,1
en:pot-noodles,1
en:quartered-champignon-mushrooms,1
en:food-colorings,1
en:stevia-and-their-products,1
en:Saborizantes artificiales,1
en:sport beverage,1
en:Chile seco,1
en:chocolate-ice-cream-tubs,1
en:dried-bay-laurel,1
en:black-peppercorns,1
en:C,1
en:frozen-ground-beef-steaks,1
en:reconstituted-chicken-nuggets,1
en:sparkling-wines,1
