code,ingredientes_texto,idioma_inferido,posible_ocr,posible_truncado
0016000261648,"Extracto de raíz de achicoria, harina de arroz, hojuelas de avena entera, azúcar, jarabe de maíz, chispas de chocolate semiamargo 4% (azúcar, licor de cacao procesado con alcali, manteca de cacao, grasa butirica, <span class=""allergen"">lecitina de soya</span>, saborizante natural), miel, trigo inflado, glicerina, aceite vegetal (aceite de semilla de palma), cocoa procesada con álcali, aceite vegetal (aceite de canola), maltodextrina, <span class=""allergen"">lecitina de soya</span>, sal, saborizante natural, extracto de malta, fructosa, goma celulosa, leche entera, bicarbonato de sodio, colorante caramelo clase IV, tocoferoles",es,False,True
0016000275263,"Whole Grain Oats. Corn Starch, Sugar, Salt, Tripotassium Phosphate. Vitamin E (mixed tocopherols) Added to Preserve Freshness. Vitamins and Minerals: Calcium Carbonate, Iron and Zinc (mineral nutrients), Vitamin C (sodium ascorbate), A B Vitamin (niacinamide), Vitamin B6 (pyridoxine hydrochloride), Vitamin A (palmitate), Vitamin B₁ (thiamin mononitrate), A B Vitamin (folic acid), Vitamin B12, Vitamin D3.",en,False,False
0016000506497,"wheat Flour Bleached, Chicory Root Extract, Sugar, Semisweet Chocolate Chips (sugar, chocolate liquor, cocoa butter, soy lecithin, natural flavor). vegetable Oil (canola, palm, palm kernel), Fructose, Dutch Cocoa (processed with alkali), sugarcane Fiber, Vegetable Glycerin, Water, Leavening (baking soda, sodium aluminum phosphate), Cocoa, Natural Flavor, corn Starch, Salt, Modfied Corn Starch, Dried Egg White, Soy Lecithin, Milk, Xanthan Gum, Locust Bean Gum, Oil of Rosemary.",en,False,False
0016000507258,"Whole grain oats, sugar, canola oil, dark chocolate pieces (sugar, chocolate liquor, cocoa butter, soy lecithin, natural flavor, salt), rice flour, honey, cocoa, brown sugar syrup, salt, natural flavor, baking soda, soy lecithin.",en,False,False
0017077102322,"Pasteurized lowfat milk, nonfat milk, pectin, vitamin a palmitate, vitamin d3, live and active cultures.",en,False,False
0018627703174,"Whole grain wheat*, cane sugar*, cinnamon*, natural flavor .*Organic",en,False,True
0021136010480,MINERAL WATER AND CARBON DIOXIDE.,en,False,False
0025293001503,"Almond base (filtered water, almonds), Vegetable oil, Vitamin and mineral blend (calcium carbonate, zinc gluconate, vitamin A palmitate, riboflavin [B2], vitamin D2, vitamin B12), Dipotassium phosphate, Natural flavour, Sea salt, Gellan gum, Ascorbic acid. _Contains: Almond._",en,False,False
0029700001414,"idaho potatoes, vegetable oil (contains one or more of the following: coconut, palm, <span class=""allergen"">soybean</span>, cottonseed, sunflower, canola), corn syrup solids, salt, maltodextrin, nonfat dry milk, sugar, sodium caseinate, butter powder [<span class=""allergen"">butter</span> (sweet cream, salt, annatto color), nonfat milk solids, sodium caseinate and disodium phosphate], mono and diglycerides, calcium stearoyl lactylate, natural and artificial flavors (<span class=""allergen"">milk</span>, <span class=""allergen"">soy</span>), spice, sodium acid pyrophosphate (preserve freshness), sodium bisulfite (preserve freshness), dipotassium phosphate, artificial color, citric acid (preserve freshness), mixed tocopherols (preserve freshness) and less than 2% silicon dioxide added as an anti-caking agent,",en,False,True
0031200454560,"Agua, jugo de arándano reconstruido (27%), azúcar, ácido ascórbico (vitamina C), jugo de zanahoria concentrado",es,False,True
0031200454577,"Agua, jugo de uva reconstruido (10%), azúcar, jugo de arándano reconstruido (5%), ácido fumárico, jugo de zanahoria concentrado, saborizante natural, citrato de sodio, ácido ascórbico (vitamina C), ácido cítrico",es,False,True
0031600830933,"Cacahuates tostados, azúcar, aceites vegetales hidrogenados (algodón, <span class=""allergen"">soya</span> y canola), sal",es,False,True
0032239058118,"Agua, jugo y pulpa de mango concentrado (25%), azúcares y concentrado del Valle sabor mango",es,False,True
0036731135513,Hojuelas de avena de grano entero,es,False,True
0036731322005,"Agua, Jarabe de maíz de alta fructosa, Azúcar, Ácido cítrico, Sal, Citrato de sodio, Fosfato monopotásico, Goma arábiga, Saborizante natural sabor limonada, Caramelo clase I, Goma éster",es,False,True
0038000179969,"milled corn, sugar, cocoa processed with alkali, palm kernel oil, contains 2% or less of malt flavor, salt, semisweet chocolate (sugar, chocolate, dextrose), natural flavor, vitamins and minerals: iron (ferric phosphate), niacinamide, vitamin b6 (pyridoxine hydrochloride), vitamin b2 (riboflavin), vitamin b1 (thiamin hydrochloride), folic acid, vitamin d3, vitamin b12,",en,False,True
0038000845529,"dried potatoes, vegetable oil (contains one or more of the following: corn oil, cottonseed oil, soybean oil, and/or sunflower oil), rice flour, wheat starch, maltodextrin, mono - and diglycerides, contains 2% or less of salt, whey, dextrose, monosodium glutamate, coconut oil, onion powder, sugar, natural flavors, nonfat milk, sour cream (cream, nonfat milk, cultures), citric acid, sodium caseinate, lactic acid, yeast extract, disodium inosinate, disodium guanylate, buttermilk, malic acid, invert sugar, cultured nonfat milk, cream,",en,False,True
0039978803757,Hojuelas de avena de grano entero,es,False,True
0041271009743,"Agua, azúcar de caña. aceite vegetal. contiene 2% o menos de cada uno de los siguientes: caseinatos, fosfato dipotasico. saborizantes naturales y artificiales. mono y digliceridos. estearoil lactato de sodio, polisorbato 60. carragenina sal. Contiene un derivado de la leche",es,False,True
0041449000954,"enriched bleached flour (wheat flour, niacin, reduced iron, thiamin mononitrate, riboflavin, folic acid, malted barley flour), semi-sweet chocolate chips (sugar, unsweetened chocolate, cocoa butter, soy lecithin [emulsifier], vanilla extract), sugar, defatted soy flour, dextrose, less than 2% of: baking soda, sodium aluminum phosphate, aluminum sulfate, monocalcium phosphate, soybean oil, salt, natural flavor,",en,False,True
0041449111407,"levadura (bicarbonato de sodio, fosfato monocálcico, sulfato de aluminio y sodio), almidón alimenticio modificado, sal, dextrosa, emulsionante (datem, monodiglicéridos), goma guar, saborizantes naturales y artificiales (contiene derivados de leche), goma xantaña. ingredientes de la cubierta de canela: azúcar, aceite vegetal de palma y de soya, azúcar morena, canela. contiene menos del 2% de los siguientes ingredientes: sal, dióxído de silicio, saborizantes naturales y artificiales (contiene cebada), colorante caramelo. contiene: trigo (gluten) y leche. puede contener huevos, soya y nueces de árbol. 1 pieza prepar grasa saturada otras grasas azúcares totales",es,False,True
0041449300139,"enriched bleached flour (wheat flour, niacin, reduced iron, thiamin mononitrate, riboflavin, folic acid, malted barely flour), sugar, partially hydrogenated soybean and cottonseed oils, food starch-modified, contains 2% or less of the following: salt, dextrose, baking soda, sodium aluminum phosphate, nonfat milk, citric acid, sodium stearoyl lactylate, guar gum, natural and artificial flavors (contains milk derivatives), xanthan gum,",en,False,True
0041449302546,"Sugar, enriched bleached flour (wheat flour, niacin, reduced iron, thiamin mononitrate, riboflavin, folic acid), palm and soybean oil, cocoa, cocoa (processed with alkali), wheat starch, salt, artificial flavor, baking soda. SYRUP INGREDIENTS: Sugar, water, cocoa (processed with alkali), corn syrup, lactose (milk), high maltose corn syrup, soybean oil, unsweetened chocolate, modified corn starch, less than 2% of: salt, preservatives (sodium benzoate, potassium sorbate), artificial flavor.",en,False,False
0041449471495,"enriched bleached flour (wheat flour, niacin, reduced iron, thiamin mononitrate, riboflavin, folic acid, malted barley flour), imitation blueberry pieces (dextrose, palm oil, wheat flour, natural and artificial flavor, citric acid, cellulose gum, blue 2, red 40, blue 1), sugar, dextrose, less than 2% of: baking soda, monocalcium phosphate, soybean oil, salt, natural and artificial flavors,",en,False,True
0041449471501,"Enriched bleached flour (wheat flour, niacin, reduced iron, thiamin mononitrate, riboflavin, folic acid, malted barley flour), sugar, whole wheat flour, leavening (baking soda, calcium acid pyrophosphate, monocalcium phosphate), defatted soy flour, dextrose, modified wheat starch, soybean oil, salt, buttermilk, lactic acid, guar gum.",en,False,False
0041449471549,"INGREDIENTES DE LA HARINA PREPARADA: Harina Enriquecida y Blanqueada (Harina de Trigo, Niacina, Hierro Reducido, Mononitrato de Tiamina, Riboflavina, Ácido Fólico, Harina de Malta de Cebada), Azúcar, Aceites de Semilla de Palma y de Frijól de Soya, Dextrosa, Almidón Modificado, Sal, Agentes Leudantes (Bicarbonato de Sodio, Fosfato de Aluminio y Sodio), Cáscara Deshidratada de Naranja, Saborizantes Naturales y Artificiales (contiene derivados fácteos), Estearoil lactilato de sodio, Acido Cítrico, Goma Xantana. Frescura conservada con BHA. 

INGREDIENTES DE LOS ARÁNDANOS Y LA CÁSCARA DE NARANJA: Arándanos rebanados, Agua, Azúcar, cáscara de naranja. Contiene: Trigo (gluten) y leche. Puede contener huevos, soya y nueces de árbol.",es,True,False
0041790001600,extra virgin olive oil,en,False,False
0049733830119,"Water,Sugar,Peppers (Chipotle,Arbil,Guajillo &Piquin), Salt, Acetic Acid, Natural Flavor (Including Smoke), Fruit Juice (color), Xanthan Gum(Thickener), Spices, Apple Cider Vinegar & Garlic Powder",en,False,True
0055653630104,"Whole wheat flour, enriched flour (wheat flour, niacin, reduced iron, thiamine mononitrate, riboflavin, folic acid), vegetable oil shortening (coconut and canola oil), flax seeds, sugar, ten grain blend (purple wheat, rye, triticale, malted wheat, barley, spelt, amaranth, millet, quinoa, wild rice), salt, contains 2% or less of: wheat meal, malt syrup, wheat bran, wheat, gluten, sesame seeds, sunflower seeds, leavening (ammonium bicarbonate, baking soda), whey (a milk ingredient), natural flavor, yeast extract, spices, paprika color, soy lecithin, enzymes.",en,False,False
0070462098525,"Sugar, invert sugar, corn syrup, modified corn starch, citric acid, tartaric acid, natural and artificial flavors, titanium dioxide, red 40, yellow 5, blue 1.",en,False,False
0072250037068,"UNBLEACHED ENRICHED FLOUR (WHEAT FLOUR, MALTED BARLEY FLOUR, NIACIN, REDUCED IRON, THIAMIN MONONITRATE, RIBOFLAVIN, FOLIC ACID), WATER, WHOLE WHEAT FLOUR, HONEY, WHEAT GLUTEN, SUGAR, WHEAT BRAN, YEAST, CULTURED WHEAT FLOUR, SALT, SOY - BEAN OIL, SOY FLOUR, CALCIUM SULFATE, MONOGLYCERIDES, ENZYMES, MONOCALCIUM PHOSPHATE, SOY LECITHIN, ASCORBIC ACID, NIACIN, REDUCED IRON, THIAMIN MONONITRATE (VITAMIN B1), RIBOFLAVIN, FOLIC ACID, CALCIUM CARBONATE.",en,False,False
0072250037129,"WHOLE WHEAT FLOWER, WATER, YEAST, BROWN SUGAR, WHEAT GLUTEN, 2% OR LESS: SALT, EXPELLER PRESSED CANOLA OIL, CULTURED WHEAT FLOUR, VINEGAR, FLAX SEAD MEAL, ENZYMES, ACEROLA CHERRY POWDER, *MAY BE TOPPED WITH WHEAT BRAN*",en,False,False
0072368508559,Sémola de trigo integral orgánica,es,False,True
0073472001530,"Organic Sprouted Wheat, Filtered Water, Organic Sprouted Barley, Organic Sprouted Millet, Organic Malted Barley, Organic Sprouted Lentils, Organic Sprouted Soybeans, Organic Sprouted Spelt, Fresh Yeast, Organic Wheat Gluten.",en,False,False
0073472002001,"Organic sprouted wheat, filtered water, organic sesame seeds, organic sprouted soybeans, organic sprouted barley, organic sprouted millet, organic sprouted lentils, organic sprouted spelt, sea salt.",en,False,False
0074323002300,"Sugar, high fructose corn syrup, water, eggs, wheat flour, vegetable shortening (palm and/or fractionated palm and canola oils, hydrogenated palm oil, soy lecithin), cocoa (processed with alkali), nonfat milk, modified cornstarch, cocoa, glycerin, mono & diglycerides, polyglycerol esters of fatty acids, agar, salt, sorbitan monostearate, leavening (baking soda, sodium aluminum sulfate, monocalcium phosphate, calcium carbonate, calcium sulfate, sodium carbonate), corn syrup, preservatives (potassium sorbate, sodium propionate, sorbic acid), natural and artificial flavor, polysorbate 60, milk protein, maltodextrin, sodium alginate, soy lecithin, xanthan gum, cellulose gum, carrageenan, guar gum, gelatin, titanium dioxide, locust bean gum, fumaric acid, egg whites, enrichment (thiamin mononitrate, riboflavin, niacin, folic acid, reduced iron, zinc oxide).",en,False,False
0076840100354,"Cream, skim milk, liquid sugar (sugar, water), water, sugar, walnuts, banana puree, coconut oil, egg yolks, cocoa (processed with alkali), cocoa powder, lemon juice concentrate, guar gum, natural flavors. milkfat, carrageenan, soy lecithin, vanilla extract.",en,False,False
0078742430331,"high fructose corn syrup, corn syrup, water, cocoa processed with alkali, sugar, contains 2% or less of: potassium sorbate (preservative), salt, mono - and di-glycerides*, xanthan gum, polysorbate 60, vanillin (artificial flavor),",en,False,True
0096619099481,"carbonated purified water, natural flavors, blackberry juice concentrate, malic acid, potassium benzoate (to ensure freshness), sucralose, green tea extract, fd c red #40, biotin 1% t (maltodextrin), niacinamide (vitamin b3), d-calcium pantothenate (vitamin b5), vitamin b12 0, 1% (mannitol), vitamin d3, pyridoxine hcl (vitamin b6),",en,False,True
0096619533008,"Organic almond base (filtered water, organic almonds), organic vanilla flavor, sea salt, sunflower lecithin, organic locust bean gum, gellan gum, vitamin a palmitate, ergocalciferol (vitamin d2), dl-alpha-tocopheryl acetate (vitamin e), riboflavin (vitamin b2), zinc gluconate, cyanocobalamin (vitamin b12).",en,False,False
0097339000030,"Water, chili peppers, vinegar, salt, spices, 0.1% sodium benzoate as preservative",en,False,True
0097339000061,"Water, chili peppers, vinegar, salt, spice, 0.1% sodium benzoate as a preservative.",en,False,False
0608875006976,"KETCHUP HEINZ (TOMATE, VINAGRE BLANCO, AZUCAR, SAL YODADA, ESPECIAS, CEBOLLA EN POLVO, SABORIZANTE NATURAL), SALSA TABASCO (9%), (VINAGRE, CHILE ROJO, SAL YODADA), SABORIZANTE NATURAL,",es,False,True
0613522021011,"Enriched flour (flour, thiamin mononitrate, riboflavin, nicotinamide, ferrous fumarate, zinc oxide, folic acid), partially hydrogenated vegetable fat, monocalcium phosphate, sodium bicarbonate, iodized salt, sodium propionate (preservative).",en,False,False
0636817122651,"water, avocado, green chile pepper, onion, vegetable oil, contains one or more of the following: canola oil, soybean oil, corn oil, jalapeño pepper, salt, cilantro, lemon juice concentrate, garlic, citric acid, xanthan gum, sodium benzoate and potassium sorbate as preservatives, ascorbic acid, yellow 5, yellow 6",en,False,False
0644209307593,"sugar, enriched bleached wheat flour (wheat flour, niacin, reduced iron, thiamine mononitrate, riboflavin, folic acid), emulsified palm shortening (palm oil, propylene glycol mono - and diesters of fats and fatty acids, mono - and diglycerides, sodium stearoyl lactylate), leavening (baking soda, dicalcium phosphate, sodium aluminum phosphate, monocalcium phosphate), contains 2% or less of: wheat starch, salt, dextrose, cellulose gum, xanthan gum, artificial flavor, yellow 5 lake, red 40 lake,",en,False,True
0644209413003,"Bleached wheat flour (wheat flour [enriched with niacin, reduced iron, thiamine mononitrate, riboflavin, folic acid], malted barley flour), sugar, dehydrated carrots, raisins, canola oil, brown sugar, dextrose, vegetable shortening (palm oil, soybean oil, mono - and diglycerides, polysorbate 60, tbhq and citric acid [added to protect flavor]), soybean oil, leavening (sodium aluminum phosphate, sodium bicarbonate), spices, salt, caramel color, modified food starch, xanthan gum, colored with yellow 5 lake, red 40 lake.",en,False,False
0644209413300,"Sugar, bleached wheat flour (wheat flour [enriched with niacin, reduced iron, thiamine mononitrate, riboflavin, folic acid], malted barley flour), cocoa powder processed with alkali, vegetable oil shortening (palm oil), dextrose, contains 2% or less of: modified food starch, salt, leavening (sodium bicarbonate, sodium aluminum phosphate, monocalcium phosphate monohydrate), emulsifier (propylene esters, mono and diglycerides, sodium stearoyl lactylate), natural and artificial flavor (maltodextrin, cocoa butter, cocoa powder, natural and artificial flavoring, butter [cream, salt], leucine, caramel color). chocolate pouch: sugar, milk chocolate chunks (sugar, whole milk powder, cocoa butter, chocolate liquor, butter, soya lecithin, artificial flavor [vanillin]), cocoa processed with alkali, modified food starch, vegetable oil shortening (palm oil). contains 2% or less of: salt, maltodextrin, natural and artificial flavor, karaya gum, polysorbate 60, cysteine, guar and xanthan gum, colored with (caramel color), soy lecithin.",en,False,False
0654858703912,"Leche pasteurizada de vaca, sal, colorante natural (achiote), cuajo microbial, cultivos lácticos",es,False,True
0658480001101,"Harina de maíz blanco nixtamalizado, sal de grano (0,0%), sal yodada y tocoferoles (como antioxidante natural),",es,False,True
0684576000048,"Infusión de téde Jazmín (jaminum officinale), azúcar, jugo de limón natural, ácido cítrico",es,False,True
0684576000055,"Infusión de té de jazmín (Jasminum officinale), endulzante (Azúcar CV), jugo de limón natural y ácido cítrico",es,False,True
0684576000079,"Infusión de té de Jazmín (Jasminum officinale), azúcar, jugo de limón natural y ácido cítrico",es,False,True
0684576000192,"Infusión de té de jazmín (Jasminum officinale), azúcar, jugo de limón natural y ácido cítrico",es,False,True
0724836004024,"Water, habanero peppers, salt, acetic acid, spices, citric acid, xanthan gum, sodium erythorbate (as antioxidant), sodium benzoate (as preservative) and fd&c yellow no. 6.",en,False,False
0724836004031,"Water,habanero pepper puree, sodium benzonate (preservative), sodium metabisulfate (antioxidant) ,xanthan gum,spices,citric acid,FD&C (Yellow No.5 & Blue No. 1). Contains Sulfites & Yellow No.5).",en,False,False
0724869100090,"Sugar, peanut and artificial flavor.",en,False,False
0725226000206,"Azúcar, pulpa de tamarindo, glucosa, sal yodada, ácido cítrico, chile molido y benzoato de sodio",es,False,True
0729090061707,Jugo de durazno reconstruido y concentrado,es,False,True
0738824813666,"leche pasteurizada entera de vaca, ácido acetico, sal, cuajo",es,False,True
0757528005047,"Harina de masa de maíz, aceite de soya, aceite de palma, aceite de canola, sal yodada, azúcar, sabor natural y artificial, ácido cítrico, proteína de soja, levadura, glutamato monosódico, diacetato de sodio maltodextrina, aceite de soja parcialmente hidrogenado, colorante artificial",es,False,True
0786162338006,"Agua, cloruro de calcio, cloruro de magnesio, bicarbonato de potasio",es,False,True
0789742895050,"AZUCAR, ACEITE VEGETAL, AVELLANAS (13%) LECHE DESCREMADA EN POLVO (8,7%), CACAO MAGRO EN POLVO (74%), EMULSIONANTE: LECITINA, SABORIZANTE IDÉNTICO AL NATURAL: VAINILLINA,",es,False,True
0803810241027,"Azúcar, jarabe de glucosa, dextrosa, pasta de cacao, manteca de cacao, cacao en polvo, saborizantes artificiales, beta caroteno",es,False,True
0803810241041,"Azúcar, jarabe de glucosa, dextrosa, pasta de caca manteca de cacao, cacao en polvo, saborizantes artificiales, beta caroteno",es,False,True
0810990003109,"Calahua Coconut Milk Bebible®, agua, sabor natural almendra, color caramelo,  carboxilmetilcelulosa, fosfato disódico.",en,False,False
0830108000400,"Sugar, citric acid (provides tartness), sodium citrate (controls acidity), arabic gum (provides body), black tea, artificial tamarindo flavo, tricalcium phosphate (prevents caking), aspartame* (sweetener), maltodextrin, titanium dioxide (for color), acesulfame potassium (sweetener), ascorbic acid (vitamin c), fd&c yellow no.5, fd&c red no.40 (artificial colors).",en,False,False
0850697002029,"<span class=""allergen"">Harina de trigo</span>, grasa vegetal parcialmente hidrogenado, <span class=""allergen"">lecitina de soya</span>, almidón, bicarbonato de amonio, sal yodada, colorantes artificiales, tartrazina, amarillo ocaso y rojo allura. Rellenos (82%): almendra: azúcar, grasa vegetal parcialmente hidrogenada, <span class=""allergen"">cacahuate</span>, leche en polvo, sal yodada, saborizante artificial y antioxidante. Avellana: azúcar, manteca vegetal parcialmente hidrogenada, <span class=""allergen"">cacahuate</span>, leche en polvo, cocoa, saborizante artificial, sal yodada y antioxidante. Cacahuate:  azúcar, manteca vegetal parcialmente hidrogenada, <span class=""allergen"">cacahuate</span>, leche en polvo, cocoa, saborizante artificial, sal yodada y antioxidante",es,False,True
0850697002517,"INGREDIENTES Canasta Galleta 85% (<span class=""allergen"">harina de trigo</span>, azúcar, maltodextrina, aceite vegetal, harina de soya, colorante artfical caramelo, bicarbonato de amonio, sal y grasa vegetal hidrogenada, leche descremada en polvo, cocoa en polvo, grasa láctea, huevo fosfato monocálcico, colorantes artificial amarillo ocaso FCF (amarillo 6) y odada, bicarbonato de sodio, arillo 5), allura (rojo 40) y indigotina (azul 2), <span class=""allergen"">lecitina de soya</span>, saborizantes artificiales, colorante a antioxidantes (BHA, BHT)), Relleno (15%) (azúcar, grasa vegetal hidrogenada, leche entera en polvo, matodextr al ura 40 acido fosfórico y antioxidantes BHA, BHT Cuadro: Galleta 85% hanna de trigo, grasa vegeta hidrogenada, azúcar, leche descremada en polvo, grasa láctea, coco, <span class=""allergen"">huevo</span>, maltodextrina, aceite vegetal, harina de soya, sal yodada, bicarbonato de sodio, bicarbonato de amonio, fosfato sabor zantes artificiales, colorantes artificiales: ta razina amar o 5 amarillo ocaso FCF amarillo 6 y antioxidantes BHA BHD Relleno 15% azucar grasa vegetal hidrogenada, leche entera en polvo, maltodextrina, sal yodada huevo, aceite vegetal, maltodextrina, grasa låctea, leche descremada en polvo, sal yodada, bicarbonato de sodio, colorantes artificiales: tartrazina (amarillo 5), amarllo ocaso FCF amarillo 6 saborizantes artificales, tostato monocálc co y antioxidantes BHA y BHM), Cobertura 36%): azucar grasa vegeta hidrogenada, cocoa en polvo, leche descremada en polvo, <span class=""allergen"">lecitina de soya</span> y sabor zantes artificiales Boer Coco: Relleno 58% azúcar, grasa vegeta hidrogenada, cacahuate eche entera en polvo sabor zante artificial, sal yodada y antioxidante BHA, BHM), Galleta 42%) Hanna de trigo, aceite vegeta lec na de soya, bicar nato de amonio sa yodada, bica bonato de sodio, colorante artificial ta razina amarillo 5), colorante artificial amarillo ocaso FCF amarillo 6 GolfCricket Café Galleta 85%) harina de t go, azucar, grasa vegetal hidrogenada, <span class=""allergen"">huevo</span>, leche descremada en polvo, maltodextrina, harina de soya, aceite vegetal, sal yodada, bicarbonato de amonio, bicarbonato de sodio, fosfato monocálcico, <span class=""allergen"">lecitina de soya</span>, saborizantes artificiales, colorantes artificiales: tartrazina (amarillo 5), amarillo ocaso FCF (amarillo 6), antioxidantes (BHA, BHT), Relleno sabor Limón 15% grasa vegeta hidrogenada, azúcar, eche entera en polvo, ma todex na, cacahuate sal yodada sabo zante artificial y antioxidante BHA B T)/ Relleno sabor Fresa 15% azúcar, grasa vegeta hidrogenada leche entera en polvo, ma odex na cacahuate, sabor zante a c a sal yodada, colorante a c al Allura roo 40 acido fosfórico y antioxidantes BHA BHT / Relleno sabor Caté 15% azúcar grasa vegeta h drogenada, leche entera en polvo, ma odex na, <span class=""allergen"">cacahuate</span>, café en polvo, sal yodada, saborizante artificial y antioxidantes BHA, BHT . Ambrosia Avellana: Relleno 51% azúcar, grasa vegetal h drogenada e he entera en polvo cacahuate, cocoa en polvo, sa o zante arti ca sal yodada y antioxidantes BHA, BHT Galleta 49%) Hanna de go, a evegetal le na de soya, bica bonato de amonio, sal yodada, bicarbonato de sodio, colorante artificial a razina amarillo 5), colorante artificial amarillo ocaso FCF amarillo 6 Surtido Danés Galleta 88% hanna de trigo, grasa vegetal hidrogenada, coco rallado, azúcar, grasa láctea, glucosa, leche descremada en polvo, almidón de maíz, <span class=""allergen"">huevo</span>, sal yodada, bicarbonato de sodio fosfato monocálcico, bicarbonato de amonio, saborizantes artificiales y antioxidantes BHA BH Cobertura 12% azúcar). Africana: Relleno 58% (azúcar, grasa vegetal hidrogenada, <span class=""allergen"">cacahuate</span>, cocoa en polvo, leche entera en polvo, saborizante artificial, sal yodada y antioxidantes (BHA, BH) vegetal, <span class=""allergen"">lecitina de soya</span>, colorantes artificiales: tartrazina (amaillo 5), Allura (rojo 40) y Indigotina (azul 2), bicarbonato de amonio, sal yodada, bicarbonato de sodio). Galleta Crema: harina de trigo, azúcar, grasa láctea, grasa vegetal hidrogenada, leche descremada en polvo, <span class=""allergen"">huevo</span>, maltodextrina, harina de soya, aceite vegetal, emul (mono y diglicéridos de los ácidos grasos), sal refinada, bicarbonato de amonio, antioxidantes (BHA, BHT) y colorantes artificiales: tartrazina (amarillo 5), amarillo ocaso FCF (amarillo 6). saborizante artificial, sal yodada, colorante artificial rojo monocálcico, <span class=""allergen"">lecitina de soya</span>, , saborizantes art ficiales y antioxidantes BHA, BHD Choco Banny: Galeta 64% hanna de trigo, azucar Galleta 42% (Hanna de trigo, aceite bicarbonato de sodio, fosfato monocálcico, <span class=""allergen"">lecitina de soya</span>, saborizantes artificiales , cacanuate,",es,False,True
0884394000293,"Agua, Jugo de aloe vera orgànico 21% gel de aloe vera 9%, fructosa, àcido citrico, Lactato de Calcio, Saborizante Natural de piña, Acido ascorbico (vitamina C), citrato Trisodico, goma gellana, Betacaroteno",es,False,True
0884394000354,"Agua, jugo de aloe vera orgánico 21 %, gel de aloe vera 9 %, fructosa, <span class=""allergen"">lactato</span> de calcio, saborizante natural (lichis), ácido cítrico, citrato trisodico, goma gellana",es,False,True
0884912014283,"corn, whole grain wheat, sugar, whole grain rolled oats, brown sugar, almonds, rice, canola oil, wheat flour, malted barley flour, corn syrup, salt, whey (from milk), malted corn and barley syrup, honey, caramel color, cinnamon, natural and artificial flavor, annatto extract (color), bht added to packaging material to preserve product freshness, vitamins and minerals: reduced iron, niacinamide, vitamin b6, vitamin a palmitate, riboflavin (vitamin b2), thiamin mononitrate (vitamin b1), zinc oxide (source of zinc), folic acid, vitamin b12, vitamin d3,",en,False,True
0884912102102,"whole grain wheat, rice, sugar, whole grain rolled oats, dried blueberries [blueberries, invert sugar, glycerin, safflower oil, citric acid, natural flavor, potassium sorbate (preservative)], degermed yellow corn meal, brown sugar, <span class=""allergen"">almonds</span>, canola oil, rice flour, salt, malted corn and barley syrup, corn syrup, <span class=""allergen"">whey</span> (from milk), caramel color, natural flavor. bht added to packaging material to preserve product freshness. vitamins and minerals: niacinamide reduced iron, zinc oxide (source of zinc), vitamin b6, vitamin a oalmitate, riboflavin (vitamin b2), thiamin mononitrate (vitamin b1), folic acid, vitamin b12, vitamin d.",en,False,False
0894700010014,"Nonfat yogurt (cultured pasteurized nonfat milk). 5 live and active cultures: s. thermophilus, l. bulgaricus, l. acidophilus, bifidus and l. casei.",en,False,False
0894700010052,"Cultured pasteurized nonfat milk, blueberries, cane sugar, water, fruit pectin, natural flavor, guar gum, locust bean gum, lemon juice concentrate, s. thermophilus, l. bulgaricus, l. acidophilus, bifidus and l. casei.",en,False,False
0894700010137,"_cultured nonfat milk_, S. Thermophilus, L. Bulgaricus, L. Acidophilus, Bifidus, L. Casei, L. Rhamnosus",indeterminado,False,True
0894700010434,"Cultured milk*, S. Thermophilus, L. Bulgaricus, L. Acidophilus, Bifidus, L. Casei, L. Rhamnosus.",en,False,False
15010717,"Papa deshidratada, mono y diglicéridos de los ácido grasos, pirofosfato ácido de sodio, bisulfato de sodio, ácido cítrico, BHA para conservar la frescura",es,False,True
2000000020197,"Aceitunas manzanilla, agua, sal y ácido láctico",es,False,True
3159470000120,"corn, sugar, aroma of malt of barley, salt, vitamins and minerals : vitamin b3/pp, vitamin b6, vitamin b2, vitamin b1, vitamin b9, vitamin d, vitamin b12, iron,",en,False,True
40052397,"leche desnatada en polvo (15,6%), <span class=""allergen"">harina de trigo</span>, manteca de cacao, aceite de palma de cacao (5,2%), manteca de repostería, suero de leche en polvo filtrado, cacao magro, en (lecitinas), aroma, aroma natural de vainilla, sal, levadura química ). Añadimos +25% leche y +6% cacao en el chocolate, producto terminado",es,False,True
5000159461122,"Milk Chocolate (sugar, cocoa butter, chocolate, skim milk, lactose, milkfat, soy lecithin), peanuts, corn syrup, sugar, palm oil, skim milk, lactose, salt, egg whites, artificial flavor.",en,False,False
5050083739811,"Arroz (46%), Trigo integral (37%), Azúcar, <span class=""allergen"">Cebada</span> (5%), Harina de cebada malteada (3,5%), Aroma de malta de cebada, Sal",es,False,True
5060323901380,"Haricot Beans, 100% Italian tomato paste, water, chilli powder, sugar cane, sea salt, corn starch, natural flavourings.",en,False,False
5201054015667,"skimmed milk, live lactic ferments,",en,False,True
5760466738149,"Leche entera pasteurizada de vaca, Sal, Cultivos lácticos, Cuajo, cultivos de moho, lipasa y cloruro de calcio,",es,False,True
5760466738156,"Leche entera pasteurizada de vaca, Sal, Cultivos lácticos, Cuajo, cultivos de moho, lipasa y cloruro de calcio,",es,False,True
6137112940703,"Sémola de trigo (Triticum durum), espinaca deshidratada (0.2%), jitomate deshidratado (0.1%), colorante verde natural, colorante rojo natural, tiamina (vitamina B1), riboflavina (vitamina B2), niacina (vitamina B3), hierro (sulfato ferroso) y ácido fólico",es,False,True
7500093750781,"Atún aleta amarilla desmenuzado, agua, concentrado de proteina de soya texturizada y sal yodada",es,False,True
7500462240172,"Agua, frijol negro, aceite vegetal y sal yodada",es,False,True
7500478002894,"<span class=""allergen"">Harina de trigo</span>, azúcar, grasa vegetal (contiene antioxidantes TBHQ, palmitato de ascorbilo, tocoferoles), cocoa, jarabe de maíz de alta fructosa, leche descremada en polvo, sal yodada, almidón, huevo en polvo, <span class=""allergen"">lecitina de soya</span>, emulsificante (estearoil lactilato de sodio) saborizantes, coloraivntes (rojo allura AC y sus lacas, amarillo ocaso FCF y sus lacas, tartrazina y sus lacas, azul brillante FCF, indigotina y sus lacas, caramelo clase IV), BHT,",es,False,True
7500478003006,"Harina de trigo, azúcar, grasa vegetal (TBHQ, palmitato de ascorbilo, tocoferoles), jarabe de maíz de alta fructosa, leche en polvo, sal yodada, huevo, lecitina de soya, almidón, saborizantes, caramelo clase I, ésteres de propilenglicol de ácidos grasos, metabisulfito de sodio, monoestearato de glcerilo, estearol, lactilato de sodio, sulfato de calcio",es,False,True
7500478004690,"<span class=""allergen"">Harina de trigo</span>, azúcar, harina de avena de grano entero, grasa vegetal (contiene antioxidantes TBHQ, palmitato de ascorbilo, tocoferoles), chocolate amargo 5% (pasta de cacao, azúcar, dextrosa, <span class=""allergen"">lecitina de soya</span>, saborizante), hojuela de avena de grano entero, inulina, leche descremada, emulsificantes (<span class=""allergen"">lecitina de soya</span>, ésteres de propilenglicol de ácios grasos, monoestearato de flicerilo, estearoil lactilato de sodio), sólidos de la leche, <span class=""allergen"">huevo</span>, sal yodada, saborizantes, caramelo clase I, almidón",es,False,True
7500478005567,"<span class=""allergen"">Harina de trigo</span>, grasa vegetal (contiene antioxidante TBHQ), azúcar, jarabe de maíz de alta fructosa, extracto de malta, sal de grano, sal yodada, saborizantes, estearoil lactilato de sodio (emulsificante), <span class=""allergen"">lecitina de soya</span> (emulsificante), almidón, metabisulfito de sodio, harina de malta",es,False,True
7501000111459,"HARINA DE TRIGO INTEGRAL (GLUTEN), JARABE DE MAIZ DE ALTA FRUCTOSA, GLUTEN DE TRIGO, LEVADURA, GLUCOSA, INULINA (PREBIOTICOS), ACEITE VEGETAL, SAL YODADA, LECITINA DE SOYA, FOSFATO MONOCALCICO, PROPINATO DE CALCIO, MONO Y DIGLICERIDOS, ESTERES DE ACIDO DIACETIL TARTARICO, VITAMINA B1, VITAMINA B2, VITAMINA B3, HIERRO, ENZIMAS, SORBATO DE POTASIO*, PREBIOTICOS: % 1,2, PUEDE CONTENER: LECHE, HUEVO, AJONJOLI, AMARILLO 5 Y NUEZ,",es,False,True
7501000111602,"<span class=""allergen"">HARINA DE TRIGO</span> (<span class=""allergen"">GLUTEN</span>), JARABE DE MAÍZ DE ALTA FRUCTOSA, <span class=""allergen"">AJONJOLÍ</span>, CALCIO, ÉSTERES DE ÁCIDO DIACETIL TARTÁRICO, ENZIMAS, MONO Y DIGLICERIDOS, FOSFATO MONOCÁLCICO, MONOESTEARATO DE SORBATÁN, ÁCIDO LÁCTICO, GOMA XANTANA, SORBATO POTÁSICO, VITAMINA B1, VITAMINA B2, VITAMINA B3, HIERRO, ÁCIDO FÓLICO,",es,False,True
7501000111800,"harina de trigo (Gluten), azúcares añadidos (azúcar), aceite vegetal (lectina de soya), levadura, gluten de trigo, sal yodada, cloruro de potasio, datem, enzimas",es,False,True
7501000112302,"<span class=""allergen"">Harina de Trigo</span> (<span class=""allergen"">Gluten</span>), Azúcar, <span class=""allergen"">Huevo</span>, Aceite y Grasa Vegetal, Uva Pasa 7%, Glucosa, Leche reconstruída 2%, Goma Xantana, Glicerina, Almidón modificado, Sorbitol, Sal Yodada, Mono y Diglicéridos, Propilenglicol, Ésteres de Propilenglicol de Ácidos Grasos, Ácido Sórbico, Propinato Sódico, Alcohol Etílico, Saborizante artificial, Saborizante natural, Amarillo 5, Rojo 40, Sorbato Potásico",es,False,True
7501000112401,"harina de trigo (gluten), azúcar, huevo, aceite vegetal, grasa vegetal, jarabe de maíz de alta fructosa, almidón modificado de maíz, bicarbonato de sodio, sulfato de aluminio y sodio, fosfato monocálcico, grasa butírica, monoglicéridos destilados de ácidos grasos, sustituto de grasa butírica, sal yodada, leche, saborizante artificial, propionato de sodio, ácido sorbico, goma xantana, sorbato de potasio, colorante artificial (amarillo 5, rojo 40), vitamina B1, vitamina B2, vitamina B3, hierro",es,False,True
7501000112500,"<span class=""allergen"">Harina de trigo</span> (<span class=""allergen"">gluten</span>), leche reconstruida 23%, grasa vegetal, azúcar, dextrosa, <span class=""allergen"">huevo</span>, almidón modificado, grasa vegetal parcialmente hidrogenada, almidón, mono y diglicéridos, <span class=""allergen"">lecitina de soya</span>, harina de soya, sal yodada, enzimas, ácido sórbico, goma celulosa, guar y xantana, saborizante artificial y natural, propionato sódico, propionato de calcio, nuez moscada, amarillo 5, rojo 40, dióxido de titanio",es,False,True
7501000120253,"Harina de trigo (gluten), jarabe de maíz de alta fructosa, leche reconstruida 5%, levadura, aceite vegetal, sal yodada, monoglicéridos, diglicéridos, fosfato monocálcico, propionato de calcio, enzimas, ésteres de ácido diacetil tartárico, enzimas activas de soya, peróxido de calcio, vitamina A, vitamina B1, Vitamina B2, vitamina B3, hierro, ácido fólico, zinc, yodo, sorbato potásico",es,False,True
7501000138944,"Azúcar, <span class=""allergen"">harina de trigo</span> (<span class=""allergen"">gluten</span>), jarabe de maíz, coco, puré de fresa (4,5%), grasa vegetal, jarabe de maíz de alta fructosa, <span class=""allergen"">lecitina de soya</span>, grenetina, sal yodada, <span class=""allergen"">huevo</span>, almidón, pecitina, acido cítrico, CMC sódica, benzoato de sodio, sorbato potasico, bicarbonato de sodio, saborizante artificial y natural, estearoil lactilato de sodio, zinc, hierro, vitamina A, rojo 3, rojo 40, amarillo 5, TBHQ, palmitato de ascorbilo y tocoferoles,",es,False,True
7501000140855,"Harina de trigo (gluten), chispas sabor chocolate 27% (azúcar, grasa vegetal, maltodextrina, cocoa, lecitina de soya, saborizante artificial), grasa vegetal, azúcar, almidón, jarabe de maíz de alta fructosa, bicarbonato de sodio, sal yodada, saborizante artificial y natural, lecitina de soya, estearoil lactilato de sodio, zinc, hierro, vitamina A, TBHQ, palmitato de ascorbilo, tocoferoles",es,False,True
7501000153800,"Azúcar, leche reconstruida (20%), grasa y aceite vegetal, jarabe de maíz de alta fructosa, huevo, harina de trigo (gluten), cocoa, glicerina, almidón modificado, monoglicéridos, diglicéridos, ésteres de poliglicerol de ácidos grasos, sal yodada, jarabe de maíz, lecitina de soya, agar, monoestearato de sorbitán, sorbato potásico, saborizante artificial y natural, propionato sódico, sólidos de leche, polisorbato 60, ácido sórbico, goma xantana, maltodextrinas, alginato de sodio, CMC sódica, goma xantana, glucosa, grenetina, dióxido de titanio, goma algarrobo",es,False,True
7501000364695,"Harina de maíz, aceite vegetal, sal yodada",es,False,True
7501000375417,"Harina de trigo (gluten), harina de trigo integral, mezcla granos (12%)(arroz integral, sémola de maíz, hojuelas de avena, salvado de trigo, ajonjolí), gluten de trigo, miel de abeja (4%), azúcar, levadura, leche, aceite vegetal, azúcar mascabado (1%), sal yodada, fibra de avena, fosfato monocálcico, propionato de calcio, mono y diglicéridos, vinagre, esteres de ácido diacetil tartárico, enzimas, acesulfame potásico (0,11 mg/100 g), sorbato potásico, leptina de soya,",es,False,True
7501000608058,"<span class=""allergen"">Harina de trigo</span>, grasa vegetal (contiene antioxidantes TBHQ, palmitato de ascorbilo, tocoferoles), jarabe de maíz de alta fructosa, sal en escamas, sal yodada, <span class=""allergen"">lecitina de soya</span>, harina de malta, fosfato diamónico, saborizantes, BHT,",es,False,True
7501000617432,"Azúcar, jarabe de maíz, puré de fresa, almidón modificado, ácido cítrico, concentrado de fresa, benzoato de sodio, sorbato de potasio, saborizante, colorantes (rojo allura AC, tartrazina), Ingredientes: Harina de trigo, azúcar, jarabe de maíz de alta fructosa, coco 5% (pulpa de coco, almidón, azúcar, saborizante, metabisulfito de sodio), glucosa, grasa vegetal (contiene TBHQ, palmitato de ascorbilo, tocoferoles) grenetina, gránulos de soya (contiene rojo allura AC, tartrazina, amarillo ocaso FCF, azúl brillante FCF), sal yodada, saborizantes, almidón modificado, lecitina de soya, ésteres de propilenglicol de ácidos grasos, proteína de soya, monoestearato de glicerilo, vitaminas y minerales (hierro, ácido fólico, vitamina B12), estearoil lactilato de sodio, sulfato de calcio, hexametafosfato de sodio, colorantes (caramelo clase IV, eritrosina), benzoato de sodio, EDTA,",es,False,True
7501000658923,"Harina de trigo, azúcar, jarabe de maíz de alta fructosa, aceite vegetal (contiene antioxidantes TBHQ, palmitato de ascorbilo, tocoferoles), sal yodada, leche en polvo 0,6%, fosfato tricalcico, brillo para galleta a base de leche y huevo, saborizantes, emulsificantes (lecitina de soya, ésteres de propilenglicol de ácidos grasos, monoestearato de glicerilo, estearoil lactilato de sodio, sulfato de calcio), almidón, fosfato monocálcico, metasulfito de sodio, vitaminas y minerales (vitamina A, calcio, niacina, zinc, hierro, ácido fólico), BHT,",es,False,True
7501000662616,"Harina de trigo, salvado, aceite vegetal (contiene antioxidantes TBHQ, palmitato de ascorbilo, tocoferoles) extracto de malta, sal yodada, inulina, jarabe de maíz de alta fructosa, ácido cítrico, emulsificante (estearoil lactilato de sodio), germen de trigo, metabisulfito de sodio, harina de malta, extracto de romero, lecitina de soya, BHT,",es,False,True
7501003123213,"Champiñones, agua, sal yodada, ácido cítrico",es,False,True
7501003127235,"Jitomates, cebolla, chiles, sal yodada, cilantro",es,False,True
7501003307484,"Agua, viagre de alcohol de caña, <span class=""allergen"">semillas de mostaza</span>, sal yodada, especias, ajo deshidratado",es,False,True
7501003335029,"Agua, viagre de alcohol de caña, semillas de mostaza, sal yodada, azúcar, cúrcuma",es,False,True
7501003340139,"Aceite vegetal (soya), yema de huevo, agua, vinagre de alcohol de caña, azúcar, sal yodada, concentrado de jugo de limón 0,3%, EDTA disódico",es,False,True
7501003340535,"Aceite vegetal (<span class=""allergen"">soya</span>), yema de huevo, agua, vinagre de alcohol de caña, azúcar, sal yodada, especias, jugo de limón 0.3%, EDTA disódico",es,False,True
7501003390479,"Aceitunas manzanilla, agua, sal y ácido láctico",es,False,True
7501005106801,"fécula de maíz, sal yodada, mezcla de vitaminas y minerales (vitamina C, hierro, niacina, zinc, vitamina B6, tiamina, vitamina A, ácido fólico y vitamina B12), saborizante artificial, colorantes artificiales (eritrosina, rojo allura ac y azul brillante FCF) y carbonato de calcio",es,False,True
7501006523959,"Puré de tomate (pasta de tomate, agua), azúcar, sal yodada, aceite vegetal comestible, especias, cebolla deshidratada, ácido cítrico",es,False,True
7501008015261,"Maíz, azúcar, glucosa, sal yodada, colorantes (cúrcuma, annato), melaza, maltodextrina",es,False,True
7501008018125,"Arroz, azúcar, cocoa, maltodextrina, extracto de malta, salyodada, aceite vegetal, saborizantes artificiales (melaza, vainilla), colorantes artificiales (amairllo no. 6, azul no. 1, rojo no. 3, rojo no. 40), tocoferoles en mezcla (antioxidante).

Vitaminas y minerales: carbonato de calcio (calcio), ascorbato de sodio (vitamina C), hierro reducido, óxido de zinc, alfa-tocoferol acetato (vitamia E), cianocabalamina (vitamina B12), calecalciferol (vitamia D), ácido fólico.

Para mantener la frescura, se a agregado BHT al empaque.",es,True,False
7501008019399,"Mezcla de cereales (maíz, avena, arroz, salvado de trigo), azúcar, almendra 5 %, extracto de malta, sal, miel 0.8%, canela 0.2%, saborizante artificial a vainilla, maltodextrina, Ácido ascórbico y ascorbato de sodio (vitamina C), palmitato (vitamina A), hierro reducido, óxido de zinc, cianocobalamina (vitamina B12), colecalciferol (vitamina D), ácido fólico",es,False,True
7501008020234,"Maíz, azúcar, extracto de malta, sal yodada, maltodextrina",es,False,True
7501008041291,"Mezcla de cereales [maíz (min, 21 %),<span class=""allergen"">Trigo</span> (min, 17 %),Avena (min, 11 %),
Azúcar,Aceite vegetal, sal Yodada, Colorantes (amarillo No, 6, cúrcuma, rojo No, 40, rojo No,3, azul No, 1),
Leudante (bicarbonato de sodio),
Maltodextrina,
Esencias naturales de frutas,
Extracto vegetal,
Sal",es,False,True
7501008042342,"Maíz, azúcar, extracto de malta, sal yodada, maltodextrina, colecalciferol, cobalamina",es,False,True
7501008042793,"Maíz, azúcar, arándanos 7% (mín) (arándanos, azúcar, acidulante (ácido cítrico), aceite vegetal), <span class=""allergen"">almendras</span> 6% (mín.), extracto de malta, miel, sal yodada, melaza, saborizante natural y artificial a cacahuate, maltodextrina",es,False,True
7501008042854,"Maíz, extracto de malta, sal yodada, maltodextrina",es,False,True
7501011153097,"Papa, aceite vegetal, sal yodada",es,False,True
7501011167650,"Papa, aceite vegetal, sal yodada",es,False,True
7501013174144,"Agua, jugo de uva, azúcares Jumex, ácido cítrico",es,False,True
7501013782714,Jugo de piña rehidratado y concentrado,es,False,True
7501017003167,"Durazno, agua, azúcar, ácido cítrico",es,False,True
7501017005062,"Chile jalapeño (40%), agua, vinagre, zanahoria, cebolla, sal yodada, aceite de soya, especias",es,False,True
7501017005369,"Azucar galleta (harina de trigo, sal yodada, agua, bicarbonato de soo ucar aceite de soya, chiles secos, ajonjoli,caldo de polo en polia cacahuate, cebolla, sal yodada, especias y ajo",es,False,True
7501017006021,"Agua, chile chipotle, cebolla, vinagre, pasta de tomate, sal yodada, chiles secos, azúcar, aceite de saya, especias",es,False,True
7501017006779,"Agua, harina de maiz nixtamalizado, elote dorado, azúcar, manteca vegetal, almidón modificado de maíz, emulsionantes (estearoil lactilato de calcio, mono y diglicéridos, lecitina, celulosa, CMC sódica) y polvos para hornear (difosfato disódico, bicarbonato de sodio, almidón, carbonato de calcio).  
CONTIENE <span class=""allergen"">GLUTEN DE TRIGO</span> Y <span class=""allergen"">SOYA</span>.",es,True,False
7501017050383,"Agua, frijol bayo, sal, manteca de cerdo y glutamato monosódico",es,False,True
7501017660018,"AGUA, CHILES HABANEROS, TOMATE, SALYODADA, ESPECIAS, ACÉTICO, GOMA XANTANA, CiTRlCO, BENZOATO DE COMO CONSERVADOR Y FD,C ROJO No, 40, MARCA REGISTRADA UTILIZADA BAJO LICENCIA DE PRIAMO J, GAMBOA S,A, DE C,V,",es,False,True
7501017660230,"Agua, chiles habaneros, zanahoria, sal, especias, ácido acético, cebolla deshidratada en polvo, ácido cítrico, goma xantano, sorbato de potasio, benzoato de sodio como conservador, EDTA di-sódico cálcico",es,False,True
7501017660315,"habanero peppers (40%), water, tomato, salt, onion, acidity regulator (acetic acid) (e-260), partially hydrogenated canola vegetable oil, spices, antioxidant (citric acid) (e-330), preservatives (sodium of which sugars 0 g salt 5,3 g benzoate (e-211), stabiliser (xanthan gum) (e-415),",en,False,True
7501020515879,"Leche descremada de vaca, Lactasa, Vitamina A (microgramos equivalentes de retinol), Vitamina D. Grasa de leche, <span class=""allergen"">Proteína de leche</span>, <span class=""allergen"">Lactosa</span>,",es,False,True
7501020550986,"Leche parcialmeme descremada de vaca. Lactasa. Vitamina A (ug equivalentes de retinol) y Vitamina D,",es,False,True
7501023502357,"Frijol peruano mayocoba, agua, manteca de cerdo, aceite vegetal parcialmente hidrogenado y sal yodada",es,False,True
7501023535034,"Turkey leg and thigh, vegetable oil, vinegar, mixture chile pepper, salt, spices and garlic.",en,False,False
7501023567097,"Frijol mayocoba, agua, chorizo de cerdo (carne de cerdo, lonja de cerdo, agua, mezcla de chiles, sal yodada, vinagre, condimentos y ajo), manteca de cerdo, sal yodada",es,False,True
7501024526062,"Azúcar, pasta de cacao, manteca de cacao, grasa butírica, lecticina de soya, saborizante natural, leche",es,False,True
7501024577057,"Jarabe de maíz de alta frcutosa, glucosa, agua, cocoa, azúcar, goma zantana, sorbato de potasio, sal yodada, diglicéridos, polisorbato, vainillina, saborizante artificial, ácido citrico,",es,False,True
7501024577064,"Added sugars (high fructose corn syrup, corn syrup, corn syrup solids, sucrose), water, artificial flavorings and identical to natural (strawberry and vanilla), Xanthan gum, citric acid, sodium benzoate, dye (red 40)",en,False,False
7501030424345,"<span class=""allergen"">Harina de trigo</span> (<span class=""allergen"">gluten</span>), azúcar, <span class=""allergen"">nuez</span> (10%), matequilla (<span class=""allergen"">leche</span>), grasa vegetal, salvado de trigo, <span class=""allergen"">huevo</span>, harina de avena y cebada integral (5%), <span class=""allergen"">almendras</span> (2%), girasol, bicarbonato de sodio, saborizante artificial, <span class=""allergen"">lecitina de soya</span>, sal yodada, jarabe de maíz de alta fructosa, zinc, hierro, vitamina A, extracto de romero, stevia (0.3 mg/100 g), TBHQ, palmitato de ascorbilo y tocoferoles",es,False,True
7501030464389,"Harina de trigo (gluten), azúcar, levadura, aceite vegetal, sal yodada, fosfato monocálcico, propionato de calcio, monoglicéridos, diglicéridos, gluten de trigo esteatoil lactilato de sodio, ésteres de ácido diacetil tartárico, enzimas, sorbato potásico, lecitina de soya",es,False,True
7501030467281,"Azúcar, <span class=""allergen"">harina de trigo</span> (<span class=""allergen"">gluten</span>), jarabe de maíz, coco, puré de fresa 4.5%, grasa vegetal, jarabe de maíz de alta fructosa, <span class=""allergen"">lecitina de soya</span>, grenetina, sal yodada, <span class=""allergen"">huevo</span>, almidón, pectina, ácido cítrico, CMC sódica, benzoato de sodio, sorbato potásico, bicarbonato de sodio, saborizante artificial y saborizante natural, estearoil lactilato de sodio, zinc, hierro, vitamina A, rojo 3, rojo 40, amarillo 5, TBHQ, palmitato de ascorbilo y tocoferoles",es,False,True
7501030467373,"Harina de trigo (gluten), chispas sabor chocolate (27%) (azúcar, grasa vegetal, maltodextrina, cocoa, lecitina de soya, saborizante artificial), grasa vegetal, azúcar, almidón, jarabe de maíz de alta fructosa, bicarbonato de sodio, sal yodada, saborizante artificial y natural, lecitina de soya, estearoil lactilato de sodio, zinc, hierro, vitamina A, TBHQ, palmitato de ascorbilo y tocoferoles,",es,False,True
7501030467410,"HARINA DE TRIGO GLUTEN), RELLENO SABOR A CHOCOLATE (36%)(AZÚCAR, GRASA VEGETAL, COCOA, ALMIDÓN DE MAÍZ, AMARILLO 5, ROJO 40, AZUL 1 LECTINA DE SOYA, SAL YODADA, SABORIZANTE ARTIFICIAL), AZÚCAR, GRASA VEGETAL, LECHE, JARABE DE MAİZ DE ALTA FRUCTOSA, HUEVO, SAL YODADA, BICARBONATO DE SODIO, LECITINA DE SOYA, SABORIZANTE ARTIFICIAL, ZINC, HIERRO, VITAMINA A, BENZOATO DE SODIO, TBHQ, PALMITATO DE ASCORBILO Y TOCOFEROLES,",es,False,True
7501030467489,"Harina de trigo (gluten), grasa vegetal, jarabe de maíz de alta fructosa, azúcar, puré de fresa 1%, puré de piña, puré de membrillo, almidón, manzana en polvo, alginato de sodio, pectina, jarabe de maíz, sal yodada, lecitina de soya, ácido cítrico, citrato de calcio, benzoato de sodio, saborizante artificial y natural, zinc, hierro, vitamina A, amarillo 5, rojo 40, TBHQ, palmitato de ascorbilo, tocoferoles,",es,False,True
7501030489498,"Harina de trigo (gluten), azúcar, chochitos de colores 14% (azúcar, amarillo 5, rojo 40, rojo 3, azul 1), grasa vegetal, jarabe de maíz de alta fructosa, lecitina de soya, sal yodada, bicarbonato de sodio, estearoil lactilato de sodio, saborizante artificial, saborizante natural, zinc, hierro, vitamina A, amarillo 5, rojo 40, TBHQ, palmitato de ascorbilo, tocoferoles",es,False,True
7501030490272,"Harina de trigo (gluten), grasa vegetal parcialmente hidrogenado, sal yodada, sulfato de aluminio y sodio, fosfato monocálcico, mono y diglicéridos, aceite vegetal, enzimas, azúcar, propionato de calcio, ácido sórbico, enzimas activas de soya, peróxido de calcio,",es,False,True
7501030491057,"<span class=""allergen"">Harina de trigo</span> (<span class=""allergen"">gluten</span>), chispas sabor chocolate (azúcar, grasa vegetal, maltodextrina, cocoa, lexitina de soya, saborizante artificial), grasa vegetal, azúcar, almidón, jarabe de maíz de alta fructosa, bicarbonato de sodio, sal yodada, saborizante artificial y natural, <span class=""allergen"">lecitina de soya</span>, estearoil, lactilato de sodio, zinc, hierro, vitamina A, TBHQ, palmitato de ascorbilo y tocoferoles,",es,False,True
7501030491644,"Harina de trigo (gluten), azúcar, grasa vegetal, lecitina de soya, jarabe de maíz, bicarbonato de sodio, sal yodada, estearoil lactilato de sodio, canela, saborizante artificial, saborizante natural, zinc, hierro, vitamina A, TBHQ, palmitato de ascorbilo, tocoferoles",es,False,True
7501032398446,"Leche entera pasteurizada, crema, azúcares añadidos (azúcar), sólidos de leche, almidón modificado, grenetina y cultivos lácticos. Contiene<span class=""allergen"">: Leche</span>. Puede contener<span class=""allergen"">: Gluten</span>, <span class=""allergen"">almendra</span>, <span class=""allergen"">nuez</span>, <span class=""allergen"">soya</span>, fresa y tartrazina. Grasa de leche",es,False,True
7501035026001,"WATER, DRIED CHILI PEPPERS (5.0%) (ARBOL & PIQUIN), SALT, VINEGAR BLEND (SPIRIT VINEGAR, CIDER VINEGAR), SPICES, STABILISER (XANTHAN GUM)",en,False,False
7501037217063,"Cerezas, agua, azúcar, ácido cítrico, sabor cereza, rojo 6 y 0,1 % de sorbato de potasio (como conservador),",es,False,True
7501040001598,"Pechuga de pavo, agua, azúcar, sal yadada, sabor natural, fosfato de sodio, clururo de potasio, carragenina, carmín,",es,False,True
7501040003240,"Pechuga de pollo, Agua, Fécula de papa, Proteína aislada de soya, Fibra de soya, Sal yodada, Cloruro de potasio, Fosfato de sodio, Carragenina, Saborizantes, especias, hierbas finas 1%, Eritorbato de sodio, Nitrito de sodio, Carmín",es,False,True
7501045401416,"Atún aleta amarilla e hojuelas, caldo vegetal (agua y fibra de soya), proteina de soya texturizada y sal yodada",es,False,True
7501045402529,"Atún aleta amarilla en hojuelas, mezcla de verduras (granos de elote, zanahoria, chicharos, pimiento morrón rojo), caldo vegetal (agua y fibra de soya), aceite vegetal no hidrogenado, proteína de soya texturizada, sal yodada, cilantro, cebolla y tomate",es,False,True
7501052420172,"Agua, frijol bayo, aceite vegetal, cebolla y sal,",es,False,True
7501052420196,"Agua, frijol bayo, aceite vegetal, cebolla, sal yodada",es,False,True
7501052476100,"chile, agua, vinagre blanco de caña, cebolla, zaahoria, sal yodada, azúcar, cloruro de calcio, especias, ajo y aceite vegetal",es,False,True
7501052477107,"Duraznos, agua, azúcar y ácido cítrico",es,False,True
7501054910077,"<span class=""allergen"">harina de trigo</span>, grasa vegetal hidrogenada, aceite vegetal, sal, <span class=""allergen"">suero de leche</span>, propionato de calcio, azúcar, bicarbonato de sodio, pirofosfato ácido de sodio, ácido sórbico, ácido fumárico, ésteres de monoglicerol, saborizante artificial",es,False,True
7501054911326,"Harina de trigo, grasa mixta hidrogenada, sal, propionato de calc o, bicarbonato de sodio, pirofosfato ácido de sodio, ácido fumárico, leche en polvo, ácido sórbico, saborizante idéntico al natural",es,False,True
7501055300075,"Agua carbonatada, azúcares y concentrados coca-cola, sucralosa",es,False,True
7501055305346,"Agua carbonatada • color caramelo
clase IV • ácido fosfórico • saborizantes •
mezcla de aspartame y acesulfame K ( 40
mg / 100g) • cafeína",es,False,True
7501055305629,"Agua carbonatada, azúcares, concentrado Sprite, saborizante natural lima limón, benzoato de sodio, estevia",es,False,True
7501055328673,"Agua purificada, azucares, concentrado glaceau ponche de frutas, acido citrico (como acidulante), fosfato monopotasico, fosfato hidrogenado dipotasico, vitamina C (acido ascorbico), extracto de zanajoria y mora azul (0,05), lactato de magnesio, lactato de calcio, citamina B3 (niacina), vitamina B5 (acido pantotenico), vitamina B6 (piridoxina) y vitamina B12(cianocobalamina),",es,False,True
7501055331673,"Jugo de manzana de concentrado (50%), agua, azúcares y concentrado del Valle sabor manzana",es,False,True
7501055332083,"Agua, jugo de manzana de concentrado (26%), azúcares, extracto de arándano (2%) y concentrado del Valle sabor arándano",es,False,True
7501055343690,"Agua, azúcares, jugo de manzana y frutos rojos (1%), concentrado fuze tea sabor frutos rojos, extracto de té negro (camellia sinensis) 0-1%, estevia (4 mg / 100 g) y Vitamina E /tocoferol),",es,False,True
7501055351930,"Agua, Ácido cítrico, Cloruro de sodio, Concentrado Powerade Zero Ion 4 Moras, Saborizante natural moras, Fosfato Monopotásico (11 mg / 100 g), Ácido Ascórbico (Vitamina C), Cloruro de calcio, EDTA, Cloruro de magnesio, Niacinamida (Vitamina B3), Piridoxina (Vitamina B6), Azul I, Citrato de sodio y Cianocobalamina (Vitamina B12),",es,False,True
7501055358892,"Agua, azúcares, concentrado fuze tea sabor limon, 1 % de jugo de limón, extracto de té verde (camellia sinesis 0,1%), ácido ascórbico, estevia (6,2 mg / 100g), niacinamida (Vitamina B3), Piridoxina (Vitamina B6), ciancobalomina (vitamina B12),",es,False,True
7501055900237,"Leche entera pasteurizada, grenetina, goma de algarrobo, cultivos lácticos",es,False,True
7501055909582,"leche semidescremada rehidratada, azúcar, fosfato hidrogenado disódico, saborizantes artificiales, carragenina, lactasa, sucralosa, acesulfame, rojo allura AC, vitamina C, pirofosfato férrico, sulfato de zinc, vitamina E, niacina, pantotenato de calcio, vitamina B6, vitamina B2, vitamina B1, vitamina A, yoduro de potasio, ácido fólico, vitamina K1, biotina, vitamina D, vitamina B12, grasa butírica, proteína, propia de la leche",es,False,True
7501058614278,"Mezcla de cereales (trigo integral 31.5%, arroz 20.4%, maíz 15.2%, mezcla de frutas deshidratadas (pasas 12.5%, papaya 2.6%, piña 2.6%, coco 1.7%), azúcar, ácido cítrico, metabisulfito de sodio, dioxido de azufre y dextrosa), azúcar, salvado de trigo, jarabe de maíz de alta fructosa, extracto de malta, sal yodada, monoglicéridos de ácidos grasos, fosfato tricálcico, fosfato trisódico, mezcla de tocoferoles como antioxidantes y sucralosa (9 mg/100 g)
Vitamina B3 (niacina), ácido pantoténico, vitamina B1 (timamina), vitamina B6 (piridoxina), vitamina B2 (riboflavina), ácido fólico, carbonato de calcio, hierro, zinc|",es,True,False
7501058617873,"Leche parcialmente descremada de vaca, azucar pasteurizados (grasa butirica,  proteinas de leche),",es,False,True
7501058618597,"azucar, cocoa, <span class=""allergen"">lecitina de soya</span>, fibra soluble, saborizantes artificiales, sal yodada, edulcorante estevia, canela en polvo, fosfato dicalcico, vitamina c, citamina b1, vitamina d, fumarato ferroso, sulfato de zinc",es,False,True
7501058633378,"Mezcla de cereales 52.9% (harina de maíz integral 46.3%, semolina de maíz 3.3%, harina de trigo integral 3.3%), azúcar, almidón de maíz, jarabe de flucosa, aceite de palma (con antioxidantes: palmitato de ascorbilo), cocoa en polvo reducida en grasa 3%, jarabe de azucar caramelizada, sal yodada, agente leudante (fosfato dicálcico), regulador de acidez (fofato trisódico) y saborizante natural a vainilla",es,False,True
7501059243873,"Mezcla de Cereales (68,3%) [Harina de maíz integral (21,7 % ) , Harina de trigo integral (21,7%), Harina de arroz (17,5%), Harina de avena integral (3,9%), Harina de arroz integral (3,5%)], Azúcar, Almidón de maíz, Miel (3,9%), Jarabe de azúcar morena parcialmente invertido, Jarabe de maíz de alta fructosa, Aceite de palma, Sal yodada, Regulador de acidez (Fosfato trisódico) y Antioxidantes (Mezcla de tocoferoles),",es,False,True
7501059296374,"Azúcar, maltodextrina, fibra soluble, almidón modificado fisicamente, saborizante natural, colorantes naturales (carmín, cúrcuma, beta-caroteno), fosfato tricálcico, ácido cítrico y estevia (nivalentes de esteviol), Fosfato dicálcico, vitaminas (C, B1 y D), fumarato ferroso, sulfato de zinc",es,False,True
7501067741934,"Maíz, azúcar, sal yodada, extracto de malta, carbonato de calcio, ésteres de ácido diacetil tartárico, monoestearato de glicerilo, vitaminas y minerales (vitamina C, hierro, zinc, niacina, vitamina E, vitamina A, vitamina D, vitamina B12, vitamina B6, vitamina B1, vitamina B2, ácido fólico), BHA, achiote, polidimetilsiloxano",es,False,True
7501069210032,"<span class=""allergen"">Harina de trigo</span> (<span class=""allergen"">gluten</span>), ácido fólico, hierro (fumarato ferroso), zinc (óxido de zinc),  vitamina B1, vitamina B2, vitamina B3, complejo enzimático, ácido ascórbico, peróxido de benzoílo",es,False,True
7501069213446,"Harina de trigo, azúcares añadidos (azúcar), bicarbonato de sodio, sulfato de aluminio y sodio, sal yodada, saborizantes artificiales, fosfato monocálcico, ésteres de poliglicerol de ácidos grasos, mono y diglicéridos, goma xantana y colorante natural (annato norbixina).

&quot;Contiene gluten de trigo&quot;.",es,True,False
7501071308581,"Agua, frijol peruano, aceite vegetal, sal yodada, especias",es,False,True
7501071308598,"Agua, frijol bayo, aceite vegetal, sal yodada, especias",es,False,True
7501077400708,"Harina de maíz nixtamalizada, hidróxido de calcio, goma celulosa, saborizante idéntico al natural",es,False,True
7501079702855,"Tomates, sal yodada, almidón de maíz, glutamato de sodio, codimentos 0,1%, ácido cítrico",es,False,True
7501225100627,"Isomalt, Cocoa Liqueur, Maltitol, Cocoa Powder, Cocoa Butter, Soy Lecithin, Salt, Cinnamon, Aspartame And Acesulfame Potassium.",en,False,False
7501485800640,"Avena, azúcar, cocoa y lecticina de soya",es,False,True
7501630200547,"<span class=""allergen"">Cacahuate</span>, azúcar, aceite vegetal hidrogenado (de semilla de colza, de semilla de algodón, de <span class=""allergen"">soya</span>), sal",es,False,True
7501669893031,"Leche entera pasteurizada de cabra, cloruro de calcio, cultivos lácticos, sal y cu",es,False,True
7501761838367,"Arroz, avena de grano entero, azúcar, hojuelas de avena de grano entero, hojuelas de trigo de grano entero, fibroteína 4% (complejo de fibra y proteina a base de huevo (contiene rojo allura AC y caramelo clase IV)), trigo de grano entero, inulina, jarabe de maíz de alta fructosa, aceite vegetal (contiene TBHQ, palmitato de ascorbilo, tocoferoles), sal yodada, coco, leche descremada, almendras, harina de arroz, saborizantes, extracto de malta, azúcar mascabado, ésteres de monoglicéridos del ácido diacetil tartárico, ésteres de diglicérdicos del ácido diacetil tartárico, monoestearato de glicerilo, carbonato de calcio, harina de avena, miel, ácido cítrico, lecitina de soya, BHA, polidimetilsiloxano",es,False,True
7501791654302,"Leche, sal, cuajo, lisozima de huevo",es,False,True
7501791660211,"Harina de trigo enriquecida (harina de trigo, vitamina B1, vitamina B2, niacina, ácido fólico, hierro, zinc),mantequilla (grasa de la crema pasteurizada de vaca), azúcar, huevo, jarabe de maíz, chocolate amargo 4.9 % min. (azúcar, pasta de cacao con álcali, grasa butrica, lecitina de soya), nuez 4.8 % min., chocolate con leche 2.4 % min. (azúcar, manteca de cacao, leche entera en polvo, pasta de cacao, lecitina de soya, extracto de vainilla), pirofosfato ácido de sodio, bicarbonato de sodio, fosfato monocálcico y saborizante artificial",es,False,True
7501952966398,"Azúcar, Sal yodada, Chile (Chile, Harina de Maiz, Aceite Vegetal, Colorante Rojo 40, Amarillo 6), Ácido cítrico, Harina de Soya , Dióxido de Silicio",es,False,True
7502209115224,"Harina de trigo (fortificada con ácido fólico, tiamina, riboflavina, niacina, hierro y zinc), grano de trigo, azúcar añadido (azúcar) sal yodada, levadura propionato de sodio, sorbato de potasio, acetato de calcio y goma guar",es,False,True
7502209900011,"<span class=""allergen"">Harina de trigo</span> (<span class=""allergen"">gluten</span>), margarina (agua, grasa vegetal parcialmente hidrogenada), agua, sal, mono y digliceridos, propianato de calcio como conservador",es,False,True
7502223775008,"Glucosa de maíz, jarabe  de fructosa, agua, sal yodada, saborizantes artificiales, sorbato de potasio (0,1% como conservador), colorante natural (color caramelo clase IV y ácido cítrico,",es,False,True
7502223776135,"Cacahuates tostados, azúcar, aceite vegetal hidrogenado (canola y/o algodón y/o soya), sal",es,False,True
7502224040693,"Atún aleta amarilla en trozos, caldo vegetal, agua, fibra de soya, sal yodada fluorada",es,False,True
7502232251715,ontiehe. claras de huevo. Mantengase en refrigeracion de 0° a 4° C. Puede ser congelado mientras esté sellado Mejor consúmase antes de 7 días,es,False,True
7502249130393,"SALVADO DE TRIGO, AVENA INTEGRAL, FRUCTOSA, COCOA (MÍN. 9%), ACEITE VEGETL COMESTIBLE (CANOLA), HUEVO, ARÁNDANOS (MÍN. 7%), PEPITAS DE GIRASOL, FIBRA DE SOYA, FIBRA DE AVENA, AGENTE LEUDANTE (PIROFOSFATO ÁCIDO DE SODIO, BICARBONATO DE SODIO, FOSFATO MONOCÁLCICO, LECITINA DE SOYA (EMULSIFICANTE), CAFÉ, SABORIZANTE ARTIFICIAL A VAINILLA,  CHISPAS SABOR A CHOCOLATE (LICOR DE CACAO, MALTITOL (47 g./100 g.), CACAO EN POLVO, MANTECA DE CACAO, INULINA, LECITINA DE SOYA (EMULSIFICANTE), EXTRACTO NATURAL DE VAINILLA, CANELA, SUCRALOSA (60 mg./100 g.), SORBATO DE POTASIO (CONSERVADOR).

ADVERTENCIA DE ALERGÉNOS:
CONTIENE HUEVO Y SOYA, PUEDE CONTENER TRAZAS DE GLUTEN Y LECHE. ELABORADO EN EQUIPO QUE PROCESA NUECES DE ÁRBOL.",es,True,False
7503004748471,"Leche entera pasteurizada de vaca, Sal, Cuanjo y Cloruro de calcio",es,False,True
7503004818099,"Nopal (mín. 45%), harina de maíz nixtamalizado, ajonjolí (mín. 5.0%), goma guar, goma xantana, carboximetilcelulosa, sal yodada, espirulina (mín. 0.1%) y tocoferoles",es,False,True
7503007732163,"Agua filtrada, azúcar, flor de Jazmín",es,False,True
7503008708020,"Harina de maíz nixtamalizado, nopal orgánico fresco (39%) y sal yodada",es,False,True
7503015190221,"Harina de Coco 44%, Néctar de Agave, <span class=""allergen"">Almendra</span> 14%, Cocoa, Aceite Vegetal (Aceite de coco), Extracto de Vainilla, <span class=""allergen"">Lecitina de Soya</span>, Sal de Mar",es,False,True
7503016443012,"Harina de trigo, manteca vegetal, rexal, sal yodada, agua, azúcar",es,False,True
7503019156537,"Agua purificada, sabor hierbabuena, micobel-SR (sorbato de potasio, ácido sorbico, propionato de sodio y diacetato de sodio), surfex NH (polifosfatos de sodio, citrato de sodio, EDTA disodico), sabor menta, clorofila sódica cúprica color verde esmeralda",es,False,True
7506205807366,"Azúcar, cocoa, maltodextrina, fosfato de calcio, <span class=""allergen"">lecitina de soya</span>, oxido de magnesio, ácido ascorbico, saborizante a chocolate, fumarato ferroso, sulfato de zinc, acetato dl-alfa tocoferol, bitartrato de colina, cloruro de sodio, niacinamida, vitamina A, gluconato de cobre, vitamina D3, vitamina B12, clorhidrato de piridoxina, mononitrato de tiamina, riboflavina, ácido fólico, yoduro de potasio y palmitatato de ascorbila,",es,False,True
75003463,"Puré de durazno 22%, puré de manzana 19%, puré de mango 14%, puré de plátano 7%, preparados de concentrados, jugo de uva preparado de concentrado, jugo de piña 7%, preparado de concentrado, agua, almidón modificado de maíz, azúcar, ácido cítrico, vitamina C, hierro, ácido fólico",es,False,True
75010898,"Agua, jugo de uva, azúcares Jumex y ácido cítrico",es,False,True
75010935,"Aga, jugo y pulpa de durazno, azúcares Jumex, ácido cítrico y ácido ascórbico",es,False,True
75014339,"Puré de tomate (pasta de tomate, agua), fructosa, vinagre de alcohol de caña, sal yodada, CMC (espesante) y especias",es,False,True
75042998,"Agua, jugo y pulpa de manzana, azúcares Jumex, ácido cítrico y ácido ascórbico",es,False,True
75043018,"Agua, jugo y pulpa de guayaba, azúcares Jumex, ácido cítrico y ácido ascórbico",es,False,True
75065065,"Agua bonafont, jugo de Mango (4%), acido citrico, saborizantes (sucralosa 1,3mg/100ml), concentrado bonafont kids mango con stevia (15,3 mg/100 ml), fibra dietetica (polidextrosa), carmin y Bisulfato de sodio y beta, beta-caroteno,",es,False,True
7622210265999,"Leche entera pasteurizada de vaca, crema de leche pasteurizada de vaca, salyodada, goma de algarrobo, goma xantana, cloruro de calcio, enzimas, cultivos lácteos",es,False,True
7622210416186,"<span class=""allergen"">Harina de trigo</span>, azúcar, chispas obscuras sabor a chocolate (12%-16%) (azucar, grasa vegetal hidrogenada, cocoa, emulsificante (<span class=""allergen"">lecitina de soya</span>), sal yodada y saborizante artificial (vainilla)), chispas blancas sabor a chocolate blanco (12%-16%) (azúucar, aceite vegetal hidrogenado, harina de arroz, maltodex - trina, leche entera en polvo, saborizantes artificiales (<span class=""allergen"">leche</span> y vainilla), colorante artificial (dióxido de titanio), emulsificante (<span class=""allergen"">lecitina de Soya</span>) y sal yodada), aceite vegetal, leudantes (bicarbonato de sodio amonio), jarabe de maiz de alta fructosa, sal yodada, sólidos de la leche, regulador de acidez (fosfato diamónico), emulsificante (<span class=""allergen"">lecitina de soya</span>) y saborizante artificial (vainilla). bicarbonato de",es,False,True
7622210827951,"Harina de trigo, aceite vegetal, azúcar, sal yodada, jarabe de maíz de alta fructosa, bicarbonato de sodio, fosfato monocálcico, bicarbonato de amonio, lecitina de soya y saborizante natural (mantequilla),",es,False,True
7622300724764,"Harina de trigo enriquecida (harina de trigo, vitamina B3 (niacina), zinc, hierro, vitamina B1 (mononitrato de tiamina), bitamina B2 (riboflavina) y ácido fólico), azúcar, grasa vegetal, aceite vegetal, cocoa, jarabe de maíz de alta fructosa, sal yodada, bicarbonato de sodio, lecitina de soya y saborizate artificial",es,False,True
8000320010033,"Tomates pelados, jugo de tomate, corrector de acidez, ácido cítrico",es,False,True
8008698005231,"Crema de _leche_ 35% [grasas vegetales (coco, palma), _leche_ entera en polvo 21,6%, dextrosa, azúcar, lactosa (_leche_), emulgente: lecitina de _soja_; aroma natural], almidón de maíz, azúcar, aceite de palma, harina de maíz, cacao desnatado en polvo* 5%, harina de _soja_, almidón de patata, _leche_ entera en polvo, sal, gasificantes: bicarbonato amónico, bicarbonato sódico. Puede contener _huevo_.
*Rainforest Alliance Certified cocoa. Find out more at ra.org",es,False,True
80051671,"SUGAR, VEGETABLE FAT (PALM), HAZELNUTS 13%, SKIMMED MILK POWDER 8.7%, FAT REDUCED COCOA POWDER 7.4%, EMULSIFIER: LECITHIN (SOY), FLAVOURING (VANILLIN).
CONTAINS EMULSIFIER (INS 322) AS PERMITTED FOOD CONDITIONER AND PERMITTED FLAVOURING (VANILLIN) SUBSTANCE FOR FOOD USE, FROM VEGETABLE AND SYNTHETIC ORIGIN.

ALLERGEN INFORMATION: CONTAINS HAZELNUTS, MILK, SOY",en,True,False
8410111772208,"<span class=""allergen"">Mejillones</span>, Aceite vegetal, vinagre, sal y aromas naturales",es,False,True
8410300349044,"Agua, ternera 3,5%, apio 0,3%, patata 0,2%, cebolla 0,1%, zanahoria 0,1 %, puerro 0,1%, extracto de carne  0,1%, aroma natural (contiene leche) y Sal, Puede contener trazas de huevo,",es,False,True
8410344900072,"Agua, aceituna manzanilla, relleno de chorizo picante (6%mínimo) (chorizo picante, alginato de sodio y especias), sal, acentuador del sabor: glutamato monosódico, acidulante: ácido cítrico, antioxidante: ácido L-ascórbico",es,False,True
8411145202549,"Harina de trigo, aceite refinado de girasol alto oleico, aceitunas troceadas (6%), aceite de oliva (1,49%), levadura y sal marina, Alérgenos: Contiene gluten de trigo y posibles trazas de sésamo y leche,",es,False,True
8412170022553,"Maíz troceado (92,5%)*, arroz integral*, sal marina, aceite de oliva virgen extra*, (* Ingredientes procedentes de la agricultura ecológica),",es,False,True
8412289005591,"Leche entera pasteurizada de oveja, fermentus Lacticos, sal yodada, cuajo",es,False,True
8412600024485,"HARINA INTEGRAL DE TRIGO, AGUA, <span class=""allergen"">HARINA DE TRIGO</span>, AZÚCAR, LEVADURA, SEMILLAS DE GIRASOL (3,6% ),<span class=""allergen"">GLUTEN DE TRIGO</span>, ACEITE VEGETAL (GIRASOL), TRIGO TROCEADO (2,7%), CENTENO TROCEADO (2,5%), SAL, SÉMOLA DE MAÍZ (1,3 % ), COPOS DE AVENA (0,8%), CONSERVADORES (E-282, E-200, E-202), EMULGENTES (E-481,E-472e), VINAGRE DE VINO,AVENA TROCEADA (0,49%), ARROZ INTEGRAL TROCEADO (0,4 %), COPOS DE CEBADA (0,2%), SEMILLAS DE LINO MARRÓN (0,2%), MIJO (0,2%), TRITICALE TROCEADO (0,1%), HARINA DE ESPELTA (0,1%),HARINA DE ALFORFÓN (0,1 %), AGENTE DE TRATAMIENTO DE LA HARINA (E-300,E-341),",es,False,True
8412600100325,"Farine de _blé_, de levain, d'huile végétale (tournesol), sucre, sel, gluten de _blé_, amidon de maïs, émulsifiants (E471, E481, E472e), conservateurs (E282, E200), vinaigre de vin, farine de fève, agent de traitement de la farine (E300, E341),",es,False,True
8427610000060,"Agua, 40% arenque ahumado [(Clupea harengus), humo], almidón modificado de maíz, sal, tinta de sepia, acidulante (ácido cítrico), zumo de limón, estabilizante (goma xantana) y especias,",es,False,True
8436048960594,"Harina de trigo, edulcorante (jarabe de maltitol), aceite de girasol alto oleico (17%) jarabe oligofructosa, gasificantes (bicarbonatos amónico y sódicoj, sal, extracto de malta de cebada, aromas, antioxidantes (E 304, E 306), agente de tratamiento de la harina (metabisuffito sódico),",es,False,True
8501085005321,"Elote dorado, agua, azúcar y sal yodada",es,False,True
8712566298297,"Aceite de soja (64%), agua, yema de <span class=""allergen"">huevo</span>, vinagre de vino blanco, azúcar, sal, almidón modificado de maíz, zumo de limón concentrado, antioxidante (E385), extracto de pimentón, colorante (carotenos),",es,False,True
9002490200220,"Agua carbonatada, azucares, acido citrico, taurina(400mg/100ml), citrato de sodio, saborizantes naturales y artificiales, bicarbonato de sodio, colorante caramelo, cafeina (19mg/100ml), Acesulfame K (8mg/100ml) como edulcorantes, espesante: goma xantana, vitaminas (niacina, acido pantotenico, piridoxina, riboflavina, cobalamina),",es,False,True
7500462528713,"Hojuelas de avena, arroz inflado, chocolate 10% (azucar, licor de chocolate, manteca de cacai, dextrosa, <span class=""allergen"">lecitina de soya</span>, sal y vainilla), miel de abeja 7%, azucar mascabado, semilla de chia quinoa, fructosa",es,False,True
7501044300017,"Azúcar, leche descremada, arroz, agua, saborizante artificial de vainilla, canela y <span class=""allergen"">almendra</span>, acido ascorbico y benzoato de sodio conservadores",es,False,True
0614360000381,"Extracto de Uva, Agua Acido Cítrico, 0,1 % de Benzoato de Sodo y Sorbato de Potasio como conservada",es,False,True
7503016861359,"Agua,concentrado de jugo natural de limón, colorante (verde limón 2411), ácido ascórbico (Vitamina C), sucralosa como edulcorante, benzoato de sodio y sorbato de potasio al 0.05% como conservadores y EDTA como antioxidantes",es,False,True
0614360000169,"FRESA: Pulpa de Fresa Agua,  acido Cítrico, 0,1 % de Benzoato de Sado y Sorbato de Potasio como conservador",es,False,True
0094331238751,"Oats flakes, cranberry, vegetable fat (corn syrup solids, emulsifiers, milk protein, phosphate, antioxidant), iodized salt, calcium carbonate. artificial cranberry flavor, guar gum, sucralose (40 mg/100 g), citric acid.",en,False,False
7501058630636,"azucar, cocoa en polvo, maltodextrina, sal yodada, <span class=""allergen"">lecitina de soya</span>, vitamina C, vitamina B6, vitamina B2, vitamina B1, vitamina A, vitamina D3, saborizante artificial",es,False,True
7503006271199,"Proteina aislada de soya, solidos de harabe de maiz, suero de leche y aceite vegetal de soya",es,False,True
75007614,"agua carbonatada, azúcares añadidos (jarabe de alta fructosa y azúcar), caramelo clase lV, ácido fosfórico, saborizantes, sucralosa (4.4mg/100g) y cafeina",es,False,True
7501030486664,"Harina de trigo azúcar, propionato de calcio, ácido láctico, ácido sórbico, enzimas activas de soya",es,False,True
7501011126930,"cacahuate, sazonador[sal yodada, maltodextrina, glutamato monosódico,almidón modificado, almidón, chiles, proteína vegetal hidrolizada de soya, especias, saborizantes naturales, idénticos al natural y artificiales, dióxido de silicio, citrato de sodio, oleorresinade paprika, caramelo clase iv, ácido láctico, bht, fosfato de calcio, edta disódico], goma arábiga, ácido cítrico, tbhq",es,False,True
7501005180658,"Sal yodada, fécula de maiz, azúcar, glutamato monosódico, aceite vegetal sin hidrogenar, maltodextrina, came y grasa de pollo sin hidrogenar, proteina vegetal hidrolizda, dioxido de silicio, agua, inosinato y guanilato disódicos, ajo, especia,extracto de levadura, colorantes naturales (achiote, cúrcuma y caramelo clase l), acido cítrico, cebolla y pimienta,",es,False,True
7502254495050,"Dextrosa, Xilitol, Eritritol, inulina de Agave, Stevia (4,0g/100g),",es,False,True
7502252481796,"Agua filtrada, pasta de almendras, fosfato tricálcico como estabilizante, lectina de girasol como emulsificante, sal, goma de algarrobo y goma gelana como espesantes, saborizante natural de vainilla, palmitato de vitamina A y Vitamina D2,",es,False,True
7501791659895,"Azucar, Extracto de hoja de Stevia (3,5% min.) 3,5 g / 100g, saborizantes naturales",es,False,True
7501011173521,"Maíz nixtamalizado, aceite vegetal (TBHQ) Sal yodada 0,6%, Maltodextrina, Achiote",es,False,True
7501008006450,"Arroz inflado (arroz, azúcar, sal, extracto de malta, maltodextrina), glucosa, fructosa, azúcar, aceite vegetal, sólidos de glucosa, humectante (glicerina), dextrosa, gelificante (grenetina) saborizante natural y artificial a mantequilla, sal, emulsificante (ésteres de ácido diacetil tartárico), saborizante artificial a malvavisco emulsificante (monoglicéridos acetilados), maltodextrina, hierro reducido, alfa—tocoferol acetato (vitamina E), niacinamida (niacina), clorhidrato de piridoxina (vitamina B6), antioxidante (BHT), riboflavina (vitamina BZ), mononitrato de tiamina (vitamina BI ), palmitato de retinol  (vitamina A), ácido fólico,  <span class=""allergen"">CONTIENE GLUTEN</span>, CONTIENE INGREDIENTES DE LECHE,",es,False,True
0025293002920,"Base de almendra (agua y almendra), goma arábiga, carbonato de calcio, saborizantes naturales, goma xantana, goma gellana, ácido ascórbico, vitaminas (E, B2, A, B12 y D) y gluconato de zinc. Contiene: Almendra. Puede contener: Leche, nuez de la India y soya. Ade",es,False,True
0016000457010,"Chicory Root Extract, Erythritol, Wheat Flour Bleached, Sugarcane Fiber, Vegetable Glycerin, Canola Oil, Palm Kernel and Palm Oil, Sugar, Polydextrose, Calcium Caseinate, Sorbitol. Contains 2% or less of: Whey Protein Isolate, <span class=""allergen"">Egg White</span>, Cinnamon, Leavening (baking soda, sodium aluminum phosphate), Salt, Natural Flavor, <span class=""allergen"">Whey</span>, <span class=""allergen"">Soy Lecithin</span>, Stevia Leaf Extract, Color Added. CONTAINS WHEAT, <span class=""allergen"">MILK</span>, EGG AND SOY; MAY CONTAIN PEANUT INGREDIENTS.",en,False,False
7501008082843,"Hojuelas de maíz (maíz, azúcar, extracto de malta, sal yodada, antiaglomerante, monoestearato de glicerilo), cobertura sabor chocolate (azúcar, aceite de palmiste parcialmente hidrogenado, cocoa, <span class=""allergen"">suero de leche</span>, emulsificante, <span class=""allergen"">lecitina de soya</span>, sal, saborizante artificial a vainillina), glucosa, jarabe de maíz alto en fructosa, sólidos de glucosa, aceite de soya, aceite de palma, azúcar, dextrosa, jarabe invertido, saborizante natural de leche (<span class=""allergen"">leche</span>), leche descremada en polvo, humectante (sorbitol), humectante (glicerina), colorante artificial (dióxido de titanio), emulsificante (<span class=""allergen"">lecitina de soya</span>), maltodextrina, almidón de trigo, antioxidante (BHT), Ácido ascórbico (vitamina C), palmitato (vitamina A), hierro reducido, óxido de zinc, cobalamina (vitamina B12), colecalciferol (vitamina D), ácido fólico",es,False,True
0096619480562,"Cacahuates Orgánicos Tostados en Seco, Sal de Mar",es,False,True
7501008004166,"Mezcla de cereales (trigo entero 25%, arroz 13%, maíz 10%, avena 6%, salvado de trigo 3%), azúcar, <span class=""allergen"">almendras</span> 7%, maltodextrina. melaza, sal yodada, aceite vegetal, extracto de malta. saborizantes naturales  (vainilla. dulce), Carbonato de calcio (calcio), alfa-tocoferol acetato (vitamina E). palmítato (vitamina A), hierro reducido, óxido de zinc, cianocobalamina (vitamina B12), colecalciferol (vitamina D), ácido fólico",es,False,True
7501020515343,"Leche entera de vaca, Vitamina A (retinol), Vitamina D,",es,False,True
7501025511326,"Ari de leche, pectina, lactato de calcio, colorante rojo betabel, saborizante a Leche descremada en polvo, fructosa, almidón, concentrado de fresa rasa, vitamina E, vitamina D, cultivos lácticos",es,False,True
7501071307751,"Agua, frijol bayo, sal yodada, saborizantes (<span class=""allergen"">soya</span>) y especias.

Contiene <span class=""allergen"">soya</span>.",es,True,False
7501147511570,"Carne de pollo, agua, <span class=""allergen"">harina de trigo</span>, fecula de maiz, almidon modificado, sal yodada, lactato de potasio, saborizante artificial, fosfato de sodio, saborizante natural, eritorbato de sodio, nitrito de sodio y carmín",es,False,True
7501147512829,"Carne de ave, agua, almidon modificado, grasa de cerdo, grasa de res, saborizante artificial y natural, <span class=""allergen"">harina de trigo</span>, sal yodada, dextrosa, azucar gluco delta lactona,  fosfato de sodio, eritorbato de sodio, nitrito de sodio, amarillo 6 y rojo D,C5,",es,False,True
7501057720345,"INGREDIENTES CARNE DE AVE AGUA, ALMIDON DE MAIZ CONDIMENTO, FOSFATO DE SODIO SAL YODADA, ERITORBATO DE SODIO JANTIOXIDANTE, NITRITO DE SODIO Y CARMIN

TINTE NATURAL

CONTIENE NUEZ. PUEDE CONTENER: SOYA, LECHE, HUEVO Y TRIGO (GLUTENI",es,True,False
7501003301925,"Manzana azucares, pectina, ácido citrico canela en polvo, sorbato depat (0,05 %) y benzoato de sodio 0 6) como conservadores acido ascorbico y cloruro de calcio",es,False,True
7501001604318,"Agua, vinagre, puré de manzana, piloncillo, azúcar, sal yodada, pulpa de tamarindo,colorante caramelo clase III, proteína hidrolizada de soya y maíz, condimentos, saborizantes artificiales y glutamato monosódico",es,False,True
7501032397760,"Leche descremada pasteurizada y/o reconstituida pasteurizada de Vaca, 19% preparado de fruta (fresa, azúcares, mora azul, frambuesa, almidon modificado, pecina, ácido citrico, saborizante, carmin, sorbato de potasio acesulfame K y sucralosa (12,16mg/100g) y carbonato de caldo,salidos de leche, crema, almidón modificado, grenetina, cultivos lácticos, estevia (8,3 mg/100g), acesulfame K (47 mg/100g) y sucralosa (3,6 mg/100g)  minimo de grasa de leche de vaca 1,2%,",es,False,True
7501029051835,"Azúcar, extracto de flor de jamaica, agua, ácido citrico, colorantes artificiales (Rojo No. 40 y Azul No.1)y 02 % de benzoato de sodio como conservador",es,False,True
0019836100792,"Agua, jugo de uva, azúcar, ácido cítrico, colorante natural (color caramelo clase V, saborizante artificial, colorantes artificiales |(Rojo 40 y Azul 1), 0,03% de benzoato de sodio como conservador, vitaminas A (equivalentes de Retinol), B1 (Tiamina) y C (Acido ascórbico), calcio y hierro.",es,True,False
75003159,"Agua, jugo de manzana, azúcar, ácido cítrico, colorantes artificiales (Amarillo 5, Rojo 40 y Azul 1), saborizante artificial, 0,03% de benzoato de sodio como conservador, vitaminas A (equivalentes de Retinol), B1 (Tiamina) y C (Acido ascórbico), calcio y hierro,",es,False,True
0019836100211,"Agua, pulpa de durazno, azúcar, ácido cítrico, sorbitol, lecitina, colorante natural (Beta, beta-caroteno), saborizante artificial, eritorbato de sodio como antioxidante, 0,03% de benzoato de sodio y 0,005% de sorbato de potasio como conservadores, vitaminas A (equivalentes de Retinol) B1 (Tiamina) y C (Acido ascórbico), calcio y hierro",es,False,True
7501058619211,"CONTIENE CASEINATO DE SODIO (DERIVADO DE LA INGREDIENTES: SÓLIDOS DE MAIZ, ACEITE VEGETA HIDROGENADO, CASEINATO DE SODIO, FOSEATD HIDROGENADO DIPOTÁSICO (ANTJAGLOMERANTE, MONO Y DIGLICERIDOS DE ACIDOS GRASIS (EMULSIFICANTE O ESTABILIZANTE, DIOAIDO DE SILICIO (ANTIAGLOMERANTE), SABORIZANES ARTIFICIALES, CARRAGENINA ESPESANTE O TEXTURIZANTE), ESTERES DE ACIDO DACETIL TARTÁRICO (EMULSIFICANTE, ESTABILIZANIE T COLORANTES (ANNATTOY CURCUMA), <span class=""allergen"">PROTEÍNA DE LECHE</span>),",es,False,True
0729090070921,"Agua, jugo de uva concentrado reconstituido",es,False,True
0729090070501,"Agua, jugo de naranja concentrado reconstituido",es,False,True
7501013100235,Mezcla de Jugo de Naranja y Pulpa de Mango Jumex,es,False,True
7501013100310,Mezcla de Jugo de Naranja y de Zanahoria Jumex,es,False,True
7501791638968,"Azúcar, grasa vegetal, sólidos de la leche, sólidos no grasos de cacao (min. 7 %), pasta de mocca [min. 4.9 %](café, grasa vegetal), granos de café (mín. 2 %), lecitina.  
Contiene<span class=""allergen"">: Leche</span>. Puede contener trazas de <span class=""allergen"">avellanas</span> y <span class=""allergen"">almendras</span>.",es,True,False
0041820071092,"Sólidos de jarabe de maíz, aceite vegetal parcialmente hidrogenado (de coco, de canola y/o de semillas de palma), caseinato de sodio derivado de la leche*, monofosfato dipotásico, mono y digliceridos, monoglicéridos succinilados, sal, dióxido de silicón, tripolifosfato de sodio, ésteres de ácido diacetiltartáricos y de los ácidos grasos del glicerol, agua)**, colorantes artificiales (riboflavina, beta cartoteno sintético). 
* No es fuente de lactosa.
** A crema
Puede contener : soya",es,False,True
0041820071085,"Sólidos de jarabe de maíz, aceite vegetal parcialmente hidrogenado (de coco, de canola y/o de semillas de palma), caseinato de sodio derivado de la leche*, monofosfato dipotásico, mono y digliceridos, monoglicéridos succinilados, sal, dióxido de silicón, tripolifosfato de sodio, ésteres de ácido diacetiltartáricos y de los ácidos grasos del glicerol, agua)**, colorantes artificiales (riboflavina, beta cartoteno sintético). 
* No es fuente de <span class=""allergen"">lactosa</span>.
** A crema
Puede contener:soya",es,False,True
7503006575112,"AGUA, AZÚCARES AÑADIDOS (AZÚCAR), PULPA NATURAL DE COCO, MONOESTEARATO DE SORBITÁN, SAL, CARBOXIMETILCELULOSA (CMC), SABORIZANTE IDÉNTICO AL NATURAL (COCO), GOMA GUAR, GOMA INDICA, SORBATO DE POTASIO, BENZOATO DE SODIO, BIÓXIDO DE TITANIO Y ÁCIDO CÍTRICO,",es,False,True
7501011391338,"Mezcla de Jugos Reconstituidos de Tomate Zanahoria,<span class=""allergen"">Apio</span>,Betabel, pereji, Lechuga, Berro, espinaca, Maltodextrina, Sal yodada, Acido Citrico, Saborizantes Naturales, Vitamina C Carboximetilcelulosa. Acido Ascorbico),",es,False,True
2000000081689,"Quesos Monterey Jack, Cheddar, Queso Quesadilla y Asadero (Leche entera de vaca pasteurizada, cultivo| láctico, sal, enzimas, achiote para dar color [en el Queso Cheddar]), almidón de papa y celulosa en polvo (para prevenir el endurecimiento), natamicina (previers el moho).",es,True,False
7501020537383,"Mezcla de Quesos (Leche entera pasteurizada de vaca, Sal yodada, Cultivos lácticos y Enzimas), Aqua, Proteina ladea, Leche de vaca descremada en polvo, Sólidos de la leche, Citrato de sodio (Regulador de acidez), Saborizante natural Azúcares afñadidos (Dextrosa), Sal yodada, Acido citrico (Acidulante), Acido sorbico (Conservador), Fosfato de sodio (Emulsificante), Anaranjado alimentos 6. Anaranjado alimentos 5 (Colorantes). Contiene: Leche. Puede contener: Soya. Grasa de leche: 15% min. Proteina de leche: 17,5% min. Humedad: 57% máx",es,False,True
0046100010914,"Queso mozzarella bajo en humedad parciamente descremado (65%) (Leche pasteurizada parcialmente descremada de vaca, cultivo láctico, sal, enzimas), Queso provolone ahumado (15%) (Leche entera de vaca pasteurizada, cultivo láctico, sal, enzimas, saborizante natural a ahumado), queso asiago fresco (5%) (Leche entera de vaca pasteurizada, cultivo láctico, sal, enzimas), queso parmesano (5%) (Leche entera de vaca, cultivo láctico, sal, enzimas), queso romano (5%) (Leche entera de vaca pasteurizada, cultivo láctico, sal, enzimas), queso fontina (5%) (Leche entera de vaca pasteurizada, cultivo láctico, sal, enzimas), almidón de papa y celulosa en polvo (Antiaglomerante), Natamicina (Inhibidor natural del moho). 
Contiene: Leche",es,False,True
0046100010990,"Queso mozzarella bajo en humedad parcialmente descremado (75%) (Leche pasteurizada parcialmente descremada de vaca, cultivo láctico, sal, enzimas), queso cheddar (25%) (Leche entera de vaca pasteurizada, cultivo láctico, sal, enzimas, extracto de annato (colorante vegetal)), Almidón de papa y celulosa en polvo (Antiglomerante), Natamicina (Inhibidor natural del moho)
Contiene: Leche",es,False,True
0046100001288,"Leche entera de vaca pasteurizada, cultivo láctico, sal, enzimas, saborizante natural a ahumado.
Contiene: Leche",es,False,True
7501791650199,"Cacahuate tostado 90 %), azúcar, melaza, aceite vegetal hidrogenado, sal",es,False,True
0094331238706,"VANILLA WITH ALMONDS: OAT FLAKES, <span class=""allergen"">ALMONDS</span>, IODIZED SALT, ARTIFICIAL VANILLA FLAVOR, CALCIUM CARBONATE, GUAR GUM, SUCRALOSE (40mg/100g)

STRAWBERRIES AND CREAM: OAT FLAKES, FLAVORED CHUNKS OF FRUIT (DEHYDRATED APPLE STRAWBERRY FLAVORED AND RED COLOR NUM. 40 CI 16035)VEGETABLE FAT (COM SYRUP SOLIDS, EMULSIFIERS, <span class=""allergen"">MILK PROTEIN</span>, PHOSPHATE, ANTIOXIDANT), ARTIFICIAL STRAWBERRY FLAVOR IODIZED SALT, CALCIUM CARBONATE, GUAR GUM, SUCRALOSE, (40 mg/100g), CITRIC ACID.

APPLE AND CINNAMON: OST FLAKES, CINNAMON, DEHYDRATED APPLE CHUNKS, CALCIUM CARBONATE, IODIZED SALT, ARTIFICIAL APPLE FLAVOR, GUAR GUM, SUCRALOSE (40mg/100g).

HONEY AND WALNUT: OAT FLAKES, <span class=""allergen"">WALNUT</span>, IODIZED SALT, CALCIUM CARBONATE, NATURAL HONEY FLAVOR, WARM GUM, SUCRALOSE (40mg/100g).

CONTAINS NUTS. THIS PRODUCT COINTAINS GLUTEN.",en,True,False
0014563002005,"MANZANA CON CANELA: Hojuelas de avena (con salvado de avena), azúcar morena, manzana deshidratada (7.9%), canela, sal yodada, carbonato de calcio, saborizante artificial de manzana, goma guar. 
MAPLE CON AZÚCAR MORENA: Hojuelas de avena (con salvado de avena), azúcar morena, saborizante artificial a maple, sal yodada, carbonato de calcio, goma guar.  
 FRESAS CON CREMA: Hojuelas de avena (con salvado de avena), azúcar morena, trozos de fruta saborizada [7.5% (manzana deshidratada con sabor fresa y color rojo num.40)], grasa vegetal (sólidos de jarabe de maíz, emulsificantes, proteínas lácteas, fosfato, antioxidante), saborizante artificial a fresa, sal yodada, carbonato de calcio, goma guar, ácido cítrico.  
MIEL CON NUEZ: Hojuelas de avena (con salvado de avena), azúcar morena, <span class=""allergen"">nuez</span> (7.5%), sal yodada, carbonato de calcio, saborizante artificial a miel, goma guar.  <span class=""allergen"">ESTE PRODUCTO PUEDE CONTENER TRAZAS DE NUEZ</span>, <span class=""allergen"">ALMENDRA</span>, <span class=""allergen"">SOYA</span> Y PRODUCTOS <span class=""allergen"">LÁCTEOS</span>. <span class=""allergen"">ESTE PRODUCTO CONTIENE GLUTEN</span>.",es,True,False
8710912043256,"Leche entera pasteurizada de vaca, sal, <span class=""allergen"">lacticos</span>, Cuajo y colorante beta caroteno. cultivos",es,False,True
7501791644136,"Queso con Hierbas Finas: Leche entera pasteurizada de cabra, agua, sal yodada, 0,7 % hierbas finas [albahaca (Ocimum basilicum), perejil (Petroselinum crispum), especias), cloruro de calcio, cuajo y cultivos lácticos
Queso con Aceituna y Pimiento: Leche entera pasteurizada de cabra, agua, 4,5 % aceituna verde, 4,5% pimiento, sal yodada, cloruro de calcio, pimienta (Piper nigrum), cuajo y cultivos lácticos. 
Queso Estilo Caprese: Leche entera pasteurizada de cabra, agua, sal yodada, 3% tomate - rojo deshidratado, 3 % albahaca (Ocinum basilicum), ajo, cloruro de calcio, cuajo y cultivos lácticos",es,False,True
