codigo,clase,termino,en_vocabulario_off,motivo_no_cubierto,off_mandatory_class,n_terminos_off_es,detecciones,P1_se_usa_en_etiqueta_mx,P2_declara_colorante,P3_codigo_correcto,P4_clase_correcta,comentario
E102,sintetico,amarillo 5,True,,False,8,452,,,,,
E129,sintetico,rojo 40,True,,False,7,388,,,,,
E102,sintetico,tartrazina,True,,False,8,387,,,,,
E110,sintetico,amarillo 6,True,,False,10,299,,,,,
E129,sintetico,rojo allura,True,,False,7,251,,,,,
E110,sintetico,amarillo ocaso,True,,False,10,221,,,,,
E120,carmin,carmin,True,,True,6,213,,,,,
E133,sintetico,azul 1,False,sin_sinonimo,False,7,198,,,,,
E133,sintetico,azul brillante,True,,False,7,144,,,,,
E100,natural_botanico,curcuma,False,sin_sinonimo,False,3,78,,,,,
E171,mineral_inorganico,dioxido de titanio,True,,False,4,46,,,,,
E132,sintetico,azul 2,False,sin_sinonimo,False,5,40,,,,,
E160b,natural_botanico,achiote,True,,False,6,39,,,,,
E160a,natural_botanico,beta caroteno,False,sin_sinonimo,True,19,37,,,,,
E160c,natural_botanico,oleorresina de paprika,False,sin_sinonimo,False,10,37,,,,,
E100,natural_botanico,curcumina,True,,False,3,33,,,,,
E132,sintetico,indigotina,True,,False,5,31,,,,,
E170,mineral_inorganico,carbonato de calcio,True,,True,8,30,,,,,
E102,sintetico,amarillo no. 5,False,sin_sinonimo,False,8,26,,,,,
E127,sintetico,rojo 3,False,sin_sinonimo,False,3,24,,,,,
E129,sintetico,rojo no. 40,False,sin_sinonimo,False,7,21,,,,,
E160b,natural_botanico,annatto,False,sin_sinonimo,False,6,18,,,,,
E160c,natural_botanico,extracto de paprika,True,,False,10,18,,,,,
E160a,natural_botanico,caroteno,False,sin_sinonimo,True,19,17,,,,,
E110,sintetico,amarillo no. 6,False,sin_sinonimo,False,10,16,,,,,
E133,sintetico,azul no. 1,False,sin_sinonimo,False,7,14,,,,,
E101,natural_botanico,vitamina b2,True,,False,10,13,,,,,
E160b,natural_botanico,norbixina,True,,False,6,13,,,,,
E160c,natural_botanico,paprika,False,sin_sinonimo,False,10,12,,,,,
E160a,natural_botanico,betacaroteno,True,,True,19,11,,,,,
E101,natural_botanico,riboflavina,True,,False,10,10,,,,,
E163,natural_botanico,antocianinas,True,,False,15,8,,,,,
E122,sintetico,azorrubina,True,,False,10,7,,,,,
E132,sintetico,azul no. 2,False,sin_sinonimo,False,5,7,,,,,
E122,sintetico,carmoisina,True,,False,10,6,,,,,
E129,sintetico,fd&c rojo 40,False,sin_sinonimo,False,7,6,,,,,
SPIRULINA,natural_botanico,espirulina,False,sin_entrada,False,0,6,,,,,
E102,sintetico,fd&c amarillo no. 5,False,sin_sinonimo,False,8,5,,,,,
E160a,natural_botanico,extracto de zanahoria,False,sin_sinonimo,True,19,5,,,,,
E160c,natural_botanico,extracto de pimenton,True,,False,10,5,,,,,
E102,sintetico,fd&c amarillo 5,False,sin_sinonimo,False,8,4,,,,,
E110,sintetico,fd&c amarillo no. 6,False,sin_sinonimo,False,10,4,,,,,
E120,carmin,extracto de cochinilla,False,sin_sinonimo,True,6,4,,,,,
E160a,natural_botanico,carotenos,False,sin_sinonimo,True,19,4,,,,,
E163,natural_botanico,extracto de piel de uva,False,sin_sinonimo,False,15,4,,,,,
E124,sintetico,ponceau 4r,True,,False,3,3,,,,,
E127,sintetico,eritrosina,True,,False,3,3,,,,,
E129,sintetico,ci 16035,False,sin_sinonimo,False,7,3,,,,,
E140,natural_botanico,clorofilina,False,sin_sinonimo,False,10,3,,,,,
E140,natural_botanico,clorofila,False,sin_sinonimo,False,10,3,,,,,
E160b,natural_botanico,extracto de achiote,False,sin_sinonimo,False,6,3,,,,,
E120,carmin,carmin de cochinilla,False,sin_sinonimo,True,6,2,,,,,
E120,carmin,acido carminico,True,,True,6,2,,,,,
E120,carmin,rojo carmin,False,sin_sinonimo,True,6,2,,,,,
E127,sintetico,rojo no. 3,False,sin_sinonimo,False,3,2,,,,,
E129,sintetico,fd&c rojo no. 40,False,sin_sinonimo,False,7,2,,,,,
E133,sintetico,ci 42090,False,sin_sinonimo,False,7,2,,,,,
E153,natural_botanico,carbon activado,False,sin_sinonimo,False,2,2,,,,,
E160d,natural_botanico,licopeno,True,,False,4,2,,,,,
E161b,natural_botanico,luteina,True,,False,3,2,,,,,
E100,natural_botanico,oleorresina de curcuma,False,sin_sinonimo,False,3,1,,,,,
E100,natural_botanico,extracto de curcuma,True,,False,3,1,,,,,
E102,sintetico,amarillo num. 5,False,sin_sinonimo,False,8,1,,,,,
E102,sintetico,ci 19140,False,sin_sinonimo,False,8,1,,,,,
E110,sintetico,sunset yellow,False,sin_sinonimo,False,10,1,,,,,
E120,carmin,carmines,True,,True,6,1,,,,,
E122,sintetico,ci 14720,False,sin_sinonimo,False,10,1,,,,,
E124,sintetico,ci 16255,False,sin_sinonimo,False,3,1,,,,,
E129,sintetico,allura red,False,sin_sinonimo,False,7,1,,,,,
E133,sintetico,fd&c azul no. 1,False,sin_sinonimo,False,7,1,,,,,
E141,natural_botanico,clorofilina cuprica,False,sin_sinonimo,False,10,1,,,,,
E153,natural_botanico,carbon vegetal,True,,False,2,1,,,,,
E163,natural_botanico,extracto de zanahoria morada,False,sin_sinonimo,False,15,1,,,,,
E163,natural_botanico,extracto de jamaica,False,sin_sinonimo,False,15,1,,,,,
E101,natural_botanico,lactoflavina,True,,False,10,0,,,,,
E101,natural_botanico,vitamina b 2,False,sin_sinonimo,False,10,0,,,,,
E102,sintetico,e 102,False,sin_sinonimo,False,8,0,,,,,
E104,sintetico,amarillo de quinoleina,True,,False,4,0,,,,,
E104,sintetico,amarillo quinoleina,False,sin_sinonimo,False,4,0,,,,,
E110,sintetico,amarillo crepusculo,True,,False,10,0,,,,,
E110,sintetico,ci 15985,False,sin_sinonimo,False,10,0,,,,,
E110,sintetico,e 110,True,,False,10,0,,,,,
E120,carmin,grana cochinilla,False,sin_sinonimo,True,6,0,,,,,
E120,carmin,cochinilla,True,,True,6,0,,,,,
E120,carmin,ci 75470,False,sin_sinonimo,True,6,0,,,,,
E124,sintetico,rojo cochinilla a,True,,False,3,0,,,,,
E124,sintetico,rojo ponceau,False,sin_sinonimo,False,3,0,,,,,
E127,sintetico,fd&c rojo no. 3,False,sin_sinonimo,False,3,0,,,,,
E127,sintetico,ci 45430,False,sin_sinonimo,False,3,0,,,,,
E129,sintetico,e 129,True,,False,7,0,,,,,
E131,sintetico,azul patente,False,sin_sinonimo,False,4,0,,,,,
E132,sintetico,carmin de indigo,True,,False,5,0,,,,,
E132,sintetico,fd&c azul no. 2,False,sin_sinonimo,False,5,0,,,,,
E132,sintetico,ci 73015,False,sin_sinonimo,False,5,0,,,,,
E140,natural_botanico,clorofilinas,True,,False,10,0,,,,,
E140,natural_botanico,clorofilas,True,,False,10,0,,,,,
E141,natural_botanico,complejos cupricos de clorofila,False,sin_sinonimo,False,10,0,,,,,
E142,sintetico,verde acido brillante,False,sin_sinonimo,False,6,0,,,,,
E142,sintetico,verde s,True,,False,6,0,,,,,
E143,sintetico,fd&c verde no. 3,False,sin_sinonimo,False,3,0,,,,,
E143,sintetico,verde rapido,False,sin_sinonimo,False,3,0,,,,,
E143,sintetico,verde no. 3,False,sin_sinonimo,False,3,0,,,,,
E143,sintetico,verde 3,False,sin_sinonimo,False,3,0,,,,,
E150,fuera_de_eje,caramelo al sulfito de amonio,False,sin_sinonimo,True,23,0,,,,,
E150,fuera_de_eje,colorante caramelo,False,sin_sinonimo,True,23,0,,,,,
E150,fuera_de_eje,caramelo clase iii,False,sin_sinonimo,True,23,0,,,,,
E150,fuera_de_eje,caramelo clase iv,True,,True,23,0,,,,,
E150,fuera_de_eje,caramelo amonico,True,,True,23,0,,,,,
E150,fuera_de_eje,color caramelo,True,,True,23,0,,,,,
E150,fuera_de_eje,caramelo,True,,True,23,0,,,,,
E150,fuera_de_eje,e150a,True,,True,23,0,,,,,
E150,fuera_de_eje,e150c,True,,True,23,0,,,,,
E150,fuera_de_eje,e150b,True,,True,23,0,,,,,
E150,fuera_de_eje,e150d,True,,True,23,0,,,,,
E150,fuera_de_eje,e 150,False,sin_sinonimo,True,23,0,,,,,
E151,sintetico,negro brillante,False,sin_sinonimo,False,4,0,,,,,
E153,natural_botanico,carbon medicinal,False,sin_sinonimo,False,2,0,,,,,
E160a,natural_botanico,carotenos mixtos,False,sin_sinonimo,True,19,0,,,,,
E160a,natural_botanico,caroteno natural,False,sin_sinonimo,True,19,0,,,,,
E160b,natural_botanico,atsuete,False,sin_sinonimo,False,6,0,,,,,
E160b,natural_botanico,bixina,True,,False,6,0,,,,,
E160b,natural_botanico,urucu,False,sin_sinonimo,False,6,0,,,,,
E160c,natural_botanico,capsorrubina,True,,False,10,0,,,,,
E160c,natural_botanico,capsantina,True,,False,10,0,,,,,
E162,natural_botanico,concentrado de betabel,False,sin_sinonimo,False,6,0,,,,,
E162,natural_botanico,extracto de betalaina,False,sin_sinonimo,False,6,0,,,,,
E162,natural_botanico,extracto de betabel,False,sin_sinonimo,False,6,0,,,,,
E162,natural_botanico,rojo de remolacha,True,,False,6,0,,,,,
E162,natural_botanico,polvo de betabel,False,sin_sinonimo,False,6,0,,,,,
E162,natural_botanico,rojo de betabel,False,sin_sinonimo,False,6,0,,,,,
E162,natural_botanico,jugo de betabel,False,sin_sinonimo,False,6,0,,,,,
E162,natural_botanico,betalainas,False,sin_sinonimo,False,6,0,,,,,
E162,natural_botanico,betalaina,False,sin_sinonimo,False,6,0,,,,,
E162,natural_botanico,betanina,True,,False,6,0,,,,,
E163,natural_botanico,extracto de camote morado,False,sin_sinonimo,False,15,0,,,,,
E163,natural_botanico,extracto de maiz morado,False,sin_sinonimo,False,15,0,,,,,
E163,natural_botanico,extracto de col morada,False,sin_sinonimo,False,15,0,,,,,
E163,natural_botanico,concentrado de sauco,False,sin_sinonimo,False,15,0,,,,,
E163,natural_botanico,extracto de hibisco,False,sin_sinonimo,False,15,0,,,,,
E163,natural_botanico,extracto de rabano,False,sin_sinonimo,False,15,0,,,,,
E163,natural_botanico,extracto de uva,False,sin_sinonimo,False,15,0,,,,,
E163,natural_botanico,antocianina,True,,False,15,0,,,,,
E163,natural_botanico,enocianina,False,sin_sinonimo,False,15,0,,,,,
E163,natural_botanico,hibisco,False,sin_sinonimo,False,15,0,,,,,
E172,mineral_inorganico,oxidos de hierro,False,sin_sinonimo,False,15,0,,,,,
E172,mineral_inorganico,oxido de hierro,True,,False,15,0,,,,,
SPIRULINA,natural_botanico,extracto de espirulina,False,sin_entrada,False,0,0,,,,,
SPIRULINA,natural_botanico,ficocianina,False,sin_entrada,False,0,0,,,,,
