termino,codigo,bloque,forma_del_nombre
extracto de semillas de bixa orellana,E160b,naturales,nombre_comun_planta
complejos cupricos de clorofila,E141,naturales,nombre_tecnico
extracto de papa dulce morada,E163,naturales,nombre_comun_planta
caramelo al sulfito de amonio,E150,fuera_de_eje,nombre_tecnico
extracto de tegumento de uva,E163,naturales,nombre_comun_planta
extracto de zanahoria morada,E163,naturales,nombre_comun_planta
extracto de campanilla azul,E163,naturales,nombre_comun_planta
extracto de zanahoria negra,E163,naturales,nombre_comun_planta
extracto de camote morado,E163,naturales,nombre_comun_planta
extracto de coccus cacti,E120,naturales,nombre_comun_planta
extracto de cempazuchitl,E161b,naturales,nombre_comun_planta
oxido de hierro amarillo,E172,naturales,nombre_tecnico
beta caroteno sintetico,E160a-i,sinteticos,nombre_tecnico
extracto de cempasuchil,E161b,naturales,nombre_comun_planta
extracto de piel de uva,E163,naturales,nombre_comun_planta
extracto de maiz morado,E163,naturales,nombre_comun_planta
extracto de rabano rojo,E163,naturales,nombre_comun_planta
amarillo de quinoleina,E104,sinteticos,nombre_tecnico
anaranjado alimentos 6,E160e,sinteticos,nombre_tecnico
anaranjado alimentos 7,E160f,sinteticos,nombre_tecnico
oleorresina de curcuma,E100,naturales,nombre_comun_planta
extracto de cochinilla,E120,naturales,nombre_comun_planta
oleorresina de paprika,E160c,naturales,nombre_comun_planta
concentrado de betabel,E162,naturales,nombre_comun_planta
extracto de col morada,E163,naturales,nombre_comun_planta
extracto de espirulina,SPIRULINA,naturales,nombre_comun_planta
verde acido brillante,E142,sinteticos,nombre_tecnico
extracto de zanahoria,E160a,naturales,nombre_comun_planta
extracto de betalaina,E162,naturales,nombre_comun_planta
oxido de hierro negro,E172,naturales,nombre_tecnico
amarillo alimentos 4,E102,sinteticos,numero_codigo
amarillo alimentos 3,E110,sinteticos,numero_codigo
beta apo 8 carotenal,E160e,sinteticos,nombre_tecnico
amarillo alimentos 5,E107,sinteticos,numero_codigo
carmin de cochinilla,E120,naturales,nombre_comun_planta
anaranjado natural 4,E160b,naturales,nombre_tecnico
extracto de pimenton,E160c,naturales,nombre_comun_planta
rojo raiz de betabel,E162,naturales,nombre_tecnico
concentrado de sauco,E163,naturales,nombre_comun_planta
pigmento amarillo 42,E172,naturales,numero_codigo
oxido de hierro rojo,E172,naturales,nombre_tecnico
fd&c amarillo no. 5,E102,sinteticos,numero_codigo
amarillo quinoleina,E104,sinteticos,nombre_tecnico
fd&c amarillo no. 6,E110,sinteticos,numero_codigo
amarillo crepusculo,E110,sinteticos,nombre_tecnico
extracto de curcuma,E100,naturales,nombre_comun_planta
clorofilina cuprica,E141,naturales,nombre_tecnico
extracto de achiote,E160b,naturales,nombre_comun_planta
extracto de paprika,E160c,naturales,nombre_comun_planta
extracto de betabel,E162,naturales,nombre_comun_planta
extracto de jamaica,E163,naturales,nombre_comun_planta
extracto de hibisco,E163,naturales,nombre_comun_planta
extracto de annato,E160b,naturales,nombre_comun_planta
extracto de rabano,E163,naturales,nombre_comun_planta
dioxido de titanio,E171,naturales,nombre_tecnico
amarillo natural 6,E164,naturales,numero_codigo
colorante caramelo,E150,fuera_de_eje,nombre_tecnico
caramelo clase iii,E150,fuera_de_eje,nombre_tecnico
rojo cochinilla a,E124,sinteticos,nombre_tecnico
rojo alimentos 14,E127,sinteticos,numero_codigo
rojo alimentos 17,E129,sinteticos,numero_codigo
verde alimentos 3,E143,sinteticos,numero_codigo
curcuma turmerico,E100,naturales,nombre_tecnico
azafran de indias,E100,naturales,nombre_tecnico
rojo de remolacha,E162,naturales,nombre_tecnico
pigmento blanco 6,E171,naturales,numero_codigo
pigmento rojo 101,E172,naturales,numero_codigo
pigmento negro 11,E172,naturales,numero_codigo
caramelo clase iv,E150,fuera_de_eje,nombre_tecnico
rojo alimentos 3,E122,sinteticos,numero_codigo
rojo alimentos 7,E124,sinteticos,numero_codigo
fd&c rojo no. 40,E129,sinteticos,numero_codigo
carmin de indigo,E132,sinteticos,nombre_tecnico
azul alimentos 1,E132,sinteticos,numero_codigo
azul alimentos 2,E133,sinteticos,numero_codigo
fd&c verde no. 3,E143,sinteticos,numero_codigo
curcuma en polvo,E100,naturales,nombre_tecnico
grana cochinilla,E120,naturales,nombre_comun_planta
carotenos mixtos,E160a,naturales,nombre_comun_planta
caroteno natural,E160a,naturales,nombre_comun_planta
polvo de betabel,E162,naturales,nombre_tecnico
oxidos de hierro,E172,naturales,nombre_tecnico
caramelo amonico,E150,fuera_de_eje,nombre_tecnico
amarillo fd&c 5,E102,sinteticos,numero_codigo
amarillo num. 5,E102,sinteticos,numero_codigo
fd&c amarillo 5,E102,sinteticos,numero_codigo
amarillo fd&c 6,E110,sinteticos,numero_codigo
fd&c rojo no. 3,E127,sinteticos,numero_codigo
fd&c azul no. 2,E132,sinteticos,numero_codigo
fd&c azul no. 1,E133,sinteticos,numero_codigo
negro brillante,E151,sinteticos,nombre_tecnico
acido carminico,E120,naturales,nombre_tecnico
verde natural 3,E140,naturales,numero_codigo
rojo de betabel,E162,naturales,nombre_tecnico
jugo de betabel,E162,naturales,nombre_comun_planta
extracto de uva,E163,naturales,nombre_comun_planta
oxido de hierro,E172,naturales,nombre_tecnico
amarillo fd&c5,E102,sinteticos,numero_codigo
amarillo no. 5,E102,sinteticos,numero_codigo
amarillo no. 6,E110,sinteticos,numero_codigo
amarillo ocaso,E110,sinteticos,nombre_tecnico
azul brillante,E133,sinteticos,nombre_tecnico
rojo natural 4,E120,naturales,numero_codigo
rojo remolacha,E162,naturales,nombre_tecnico
color caramelo,E150,fuera_de_eje,nombre_tecnico
sunset yellow,E110,sinteticos,nombre_tecnico
azafran indio,E100,naturales,nombre_tecnico
beta caroteno,E160a,naturales,nombre_comun_planta
conchita azul,E163,naturales,nombre_tecnico
azul de jagua,E183,naturales,nombre_tecnico
rojo ponceau,E124,sinteticos,nombre_tecnico
fd&c rojo 40,E129,sinteticos,numero_codigo
azul patente,E131,sinteticos,nombre_tecnico
verde rapido,E143,sinteticos,nombre_tecnico
cantaxantina,E161g,sinteticos,nombre_tecnico
betacaroteno,E160a,naturales,nombre_comun_planta
anaranjado 3,E160b,naturales,nombre_tecnico
capsorrubina,E160c,naturales,nombre_tecnico
rojo betabel,E162,naturales,nombre_tecnico
antocianinas,E163,naturales,nombre_tecnico
rojo allura,E129,sinteticos,nombre_tecnico
rojo fd&c40,E129,sinteticos,numero_codigo
rojo no. 40,E129,sinteticos,numero_codigo
rojo coccin,E129,sinteticos,nombre_tecnico
verde japon,E143,sinteticos,nombre_tecnico
verde fd&c3,E143,sinteticos,numero_codigo
verde no. 3,E143,sinteticos,numero_codigo
amarillo 2g,E107,sinteticos,numero_codigo
rojo carmin,E120,naturales,nombre_tecnico
antocianina,E163,naturales,nombre_tecnico
ficocianina,SPIRULINA,naturales,nombre_tecnico
tartrazina,E102,sinteticos,nombre_tecnico
amarillo 5,E102,sinteticos,numero_codigo
amarillo 6,E110,sinteticos,numero_codigo
rojo d&c 5,E122,sinteticos,numero_codigo
azorrubina,E122,sinteticos,nombre_tecnico
carmoisina,E122,sinteticos,nombre_tecnico
ponceau 4r,E124,sinteticos,nombre_tecnico
rojo no. 3,E127,sinteticos,numero_codigo
eritrosina,E127,sinteticos,nombre_tecnico
rojo curry,E129,sinteticos,nombre_tecnico
allura red,E129,sinteticos,nombre_tecnico
indigotina,E132,sinteticos,nombre_tecnico
azul no. 2,E132,sinteticos,numero_codigo
azul no. 1,E133,sinteticos,numero_codigo
cochinilla,E120,naturales,nombre_comun_planta
clorofilas,E140,naturales,nombre_tecnico
capsantina,E160c,naturales,nombre_tecnico
betalainas,E162,naturales,nombre_tecnico
enocianina,E163,naturales,nombre_tecnico
espirulina,SPIRULINA,naturales,nombre_comun_planta
rojo d&c6,E124,sinteticos,numero_codigo
curcumina,E100,naturales,nombre_tecnico
clorofila,E140,naturales,nombre_tecnico
carotenos,E160a,naturales,nombre_comun_planta
norbixina,E160b,naturales,nombre_tecnico
betalaina,E162,naturales,nombre_tecnico
ci 19140,E102,sinteticos,numero_codigo
ci 15985,E110,sinteticos,numero_codigo
ci 14720,E122,sinteticos,numero_codigo
ci 16255,E124,sinteticos,numero_codigo
ci 45430,E127,sinteticos,numero_codigo
ci 16035,E129,sinteticos,numero_codigo
ci 73015,E132,sinteticos,numero_codigo
ci 42090,E133,sinteticos,numero_codigo
carmines,E120,naturales,nombre_tecnico
ci 75470,E120,naturales,numero_codigo
caroteno,E160a,naturales,nombre_comun_planta
licopeno,E160d,naturales,nombre_tecnico
betanina,E162,naturales,nombre_tecnico
caramelo,E150,fuera_de_eje,nombre_tecnico
rojo 40,E129,sinteticos,numero_codigo
verde s,E142,sinteticos,nombre_tecnico
verde 3,E143,sinteticos,numero_codigo
curcuma,E100,naturales,nombre_comun_planta
annatto,E160b,naturales,nombre_comun_planta
atsuete,E160b,naturales,nombre_tecnico
achiote,E160b,naturales,nombre_comun_planta
paprika,E160c,naturales,nombre_comun_planta
luteina,E161b,naturales,nombre_tecnico
hibisco,E163,naturales,nombre_comun_planta
azafran,E164,naturales,nombre_tecnico
rojo 6,E124,sinteticos,numero_codigo
rojo 3,E127,sinteticos,numero_codigo
azul 2,E132,sinteticos,numero_codigo
azul 1,E133,sinteticos,numero_codigo
carmin,E120,naturales,nombre_tecnico
bixina,E160b,naturales,nombre_tecnico
e 102,E102,sinteticos,numero_codigo
e 110,E110,sinteticos,numero_codigo
e 129,E129,sinteticos,numero_codigo
urucu,E160b,naturales,nombre_tecnico
e 150,E150,fuera_de_eje,numero_codigo
e150c,E150,fuera_de_eje,numero_codigo
e150a,E150,fuera_de_eje,numero_codigo
e150d,E150,fuera_de_eje,numero_codigo
e150b,E150,fuera_de_eje,numero_codigo
