termino,codigo,bloque,forma_v1_parche15,forma_fina_v2,forma_v2,en_sinonimario_off
extracto de semillas de bixa orellana,E160b,naturales,nombre_comun_planta,nombre_comun_planta,nombre_comun_planta,False
complejos cupricos de clorofila,E141,naturales,nombre_tecnico,nombre_tecnico,nombre_tecnico,False
caramelo al sulfito de amonio,E150,fuera_de_eje,nombre_tecnico,nombre_tecnico,nombre_tecnico,False
extracto de papa dulce morada,E163,naturales,nombre_comun_planta,nombre_comun_planta,nombre_comun_planta,False
extracto de tegumento de uva,E163,naturales,nombre_comun_planta,nombre_comun_planta,nombre_comun_planta,False
extracto de zanahoria morada,E163,naturales,nombre_comun_planta,nombre_comun_planta,nombre_comun_planta,False
extracto de campanilla azul,E163,naturales,nombre_comun_planta,nombre_comun_planta,nombre_comun_planta,False
extracto de zanahoria negra,E163,naturales,nombre_comun_planta,nombre_comun_planta,nombre_comun_planta,False
extracto de camote morado,E163,naturales,nombre_comun_planta,nombre_comun_planta,nombre_comun_planta,False
extracto de cempazuchitl,E161b,naturales,nombre_comun_planta,nombre_comun_planta,nombre_comun_planta,False
extracto de coccus cacti,E120,naturales,nombre_comun_planta,nombre_comun_planta,nombre_comun_planta,False
oxido de hierro amarillo,E172,naturales,nombre_tecnico,nombre_tecnico,nombre_tecnico,True
beta caroteno sintetico,E160a-i,sinteticos,nombre_tecnico,nombre_tecnico,nombre_tecnico,False
extracto de cempasuchil,E161b,naturales,nombre_comun_planta,nombre_comun_planta,nombre_comun_planta,False
extracto de maiz morado,E163,naturales,nombre_comun_planta,nombre_comun_planta,nombre_comun_planta,False
extracto de piel de uva,E163,naturales,nombre_comun_planta,nombre_comun_planta,nombre_comun_planta,False
extracto de rabano rojo,E163,naturales,nombre_comun_planta,nombre_comun_planta,nombre_comun_planta,False
amarillo de quinoleina,E104,sinteticos,nombre_tecnico,nombre_tecnico,nombre_tecnico,True
anaranjado alimentos 6,E160e,sinteticos,nombre_tecnico,indice_de_color,numero_codigo,False
anaranjado alimentos 7,E160f,sinteticos,nombre_tecnico,indice_de_color,numero_codigo,False
concentrado de betabel,E162,naturales,nombre_comun_planta,nombre_comun_planta,nombre_comun_planta,False
extracto de cochinilla,E120,naturales,nombre_comun_planta,nombre_comun_planta,nombre_comun_planta,False
extracto de col morada,E163,naturales,nombre_comun_planta,nombre_comun_planta,nombre_comun_planta,False
extracto de espirulina,SPIRULINA,naturales,nombre_comun_planta,nombre_comun_planta,nombre_comun_planta,False
oleorresina de curcuma,E100,naturales,nombre_comun_planta,nombre_comun_planta,nombre_comun_planta,False
oleorresina de paprika,E160c,naturales,nombre_comun_planta,nombre_comun_planta,nombre_comun_planta,False
extracto de betalaina,E162,naturales,nombre_comun_planta,nombre_comun_planta,nombre_comun_planta,False
extracto de zanahoria,E160a,naturales,nombre_comun_planta,nombre_comun_planta,nombre_comun_planta,False
oxido de hierro negro,E172,naturales,nombre_tecnico,nombre_tecnico,nombre_tecnico,True
verde acido brillante,E142,sinteticos,nombre_tecnico,nombre_tecnico,nombre_tecnico,False
amarillo alimentos 3,E110,sinteticos,numero_codigo,indice_de_color,numero_codigo,False
amarillo alimentos 4,E102,sinteticos,numero_codigo,indice_de_color,numero_codigo,False
amarillo alimentos 5,E107,sinteticos,numero_codigo,indice_de_color,numero_codigo,False
anaranjado natural 4,E160b,naturales,nombre_tecnico,indice_de_color,numero_codigo,False
beta apo 8 carotenal,E160e,sinteticos,nombre_tecnico,nombre_tecnico,nombre_tecnico,False
carmin de cochinilla,E120,naturales,nombre_comun_planta,nombre_comun_planta,nombre_comun_planta,False
concentrado de sauco,E163,naturales,nombre_comun_planta,nombre_comun_planta,nombre_comun_planta,False
extracto de pimenton,E160c,naturales,nombre_comun_planta,nombre_comun_planta,nombre_comun_planta,True
oxido de hierro rojo,E172,naturales,nombre_tecnico,nombre_tecnico,nombre_tecnico,True
pigmento amarillo 42,E172,naturales,numero_codigo,indice_de_color,numero_codigo,False
rojo raiz de betabel,E162,naturales,nombre_tecnico,nombre_comun_planta,nombre_comun_planta,False
amarillo crepusculo,E110,sinteticos,nombre_tecnico,nombre_tecnico,nombre_tecnico,True
amarillo quinoleina,E104,sinteticos,nombre_tecnico,nombre_tecnico,nombre_tecnico,False
clorofilina cuprica,E141,naturales,nombre_tecnico,nombre_tecnico,nombre_tecnico,False
extracto de achiote,E160b,naturales,nombre_comun_planta,nombre_comun_planta,nombre_comun_planta,False
extracto de betabel,E162,naturales,nombre_comun_planta,nombre_comun_planta,nombre_comun_planta,False
extracto de curcuma,E100,naturales,nombre_comun_planta,nombre_comun_planta,nombre_comun_planta,True
extracto de hibisco,E163,naturales,nombre_comun_planta,nombre_comun_planta,nombre_comun_planta,False
extracto de jamaica,E163,naturales,nombre_comun_planta,nombre_comun_planta,nombre_comun_planta,False
extracto de paprika,E160c,naturales,nombre_comun_planta,nombre_comun_planta,nombre_comun_planta,True
fd&c amarillo no. 5,E102,sinteticos,numero_codigo,designacion_fdc,numero_codigo,False
fd&c amarillo no. 6,E110,sinteticos,numero_codigo,designacion_fdc,numero_codigo,False
amarillo natural 6,E164,naturales,numero_codigo,indice_de_color,numero_codigo,False
caramelo clase iii,E150,fuera_de_eje,nombre_tecnico,nombre_tecnico,nombre_tecnico,False
colorante caramelo,E150,fuera_de_eje,nombre_tecnico,nombre_tecnico,nombre_tecnico,False
dioxido de titanio,E171,naturales,nombre_tecnico,nombre_tecnico,nombre_tecnico,True
extracto de annato,E160b,naturales,nombre_comun_planta,nombre_comun_planta,nombre_comun_planta,False
extracto de rabano,E163,naturales,nombre_comun_planta,nombre_comun_planta,nombre_comun_planta,False
azafran de indias,E100,naturales,nombre_tecnico,nombre_comun_planta,nombre_comun_planta,False
caramelo clase iv,E150,fuera_de_eje,nombre_tecnico,nombre_tecnico,nombre_tecnico,True
curcuma turmerico,E100,naturales,nombre_tecnico,nombre_comun_planta,nombre_comun_planta,False
pigmento blanco 6,E171,naturales,numero_codigo,indice_de_color,numero_codigo,False
pigmento negro 11,E172,naturales,numero_codigo,indice_de_color,numero_codigo,False
pigmento rojo 101,E172,naturales,numero_codigo,indice_de_color,numero_codigo,False
rojo alimentos 14,E127,sinteticos,numero_codigo,indice_de_color,numero_codigo,False
rojo alimentos 17,E129,sinteticos,numero_codigo,indice_de_color,numero_codigo,False
rojo cochinilla a,E124,sinteticos,nombre_tecnico,nombre_tecnico,nombre_tecnico,True
rojo de remolacha,E162,naturales,nombre_tecnico,nombre_comun_planta,nombre_comun_planta,True
verde alimentos 3,E143,sinteticos,numero_codigo,indice_de_color,numero_codigo,False
azul alimentos 1,E132,sinteticos,numero_codigo,indice_de_color,numero_codigo,False
azul alimentos 2,E133,sinteticos,numero_codigo,indice_de_color,numero_codigo,False
caramelo amonico,E150,fuera_de_eje,nombre_tecnico,nombre_tecnico,nombre_tecnico,True
carmin de indigo,E132,sinteticos,nombre_tecnico,nombre_tecnico,nombre_tecnico,True
caroteno natural,E160a,naturales,nombre_comun_planta,nombre_comun_planta,nombre_comun_planta,False
carotenos mixtos,E160a,naturales,nombre_comun_planta,nombre_comun_planta,nombre_comun_planta,False
curcuma en polvo,E100,naturales,nombre_tecnico,nombre_comun_planta,nombre_comun_planta,False
fd&c rojo no. 40,E129,sinteticos,numero_codigo,designacion_fdc,numero_codigo,False
fd&c verde no. 3,E143,sinteticos,numero_codigo,designacion_fdc,numero_codigo,False
grana cochinilla,E120,naturales,nombre_comun_planta,nombre_comun_planta,nombre_comun_planta,False
oxidos de hierro,E172,naturales,nombre_tecnico,nombre_tecnico,nombre_tecnico,False
polvo de betabel,E162,naturales,nombre_tecnico,nombre_comun_planta,nombre_comun_planta,False
rojo alimentos 3,E122,sinteticos,numero_codigo,indice_de_color,numero_codigo,False
rojo alimentos 7,E124,sinteticos,numero_codigo,indice_de_color,numero_codigo,False
acido carminico,E120,naturales,nombre_tecnico,nombre_tecnico,nombre_tecnico,True
amarillo fd&c 5,E102,sinteticos,numero_codigo,designacion_fdc,numero_codigo,True
amarillo fd&c 6,E110,sinteticos,numero_codigo,designacion_fdc,numero_codigo,True
amarillo num. 5,E102,sinteticos,numero_codigo,designacion_fdc,numero_codigo,False
extracto de uva,E163,naturales,nombre_comun_planta,nombre_comun_planta,nombre_comun_planta,False
fd&c amarillo 5,E102,sinteticos,numero_codigo,designacion_fdc,numero_codigo,False
fd&c azul no. 1,E133,sinteticos,numero_codigo,designacion_fdc,numero_codigo,False
fd&c azul no. 2,E132,sinteticos,numero_codigo,designacion_fdc,numero_codigo,False
fd&c rojo no. 3,E127,sinteticos,numero_codigo,designacion_fdc,numero_codigo,False
jugo de betabel,E162,naturales,nombre_comun_planta,nombre_comun_planta,nombre_comun_planta,False
negro brillante,E151,sinteticos,nombre_tecnico,nombre_tecnico,nombre_tecnico,False
oxido de hierro,E172,naturales,nombre_tecnico,nombre_tecnico,nombre_tecnico,True
rojo de betabel,E162,naturales,nombre_tecnico,nombre_comun_planta,nombre_comun_planta,False
verde natural 3,E140,naturales,numero_codigo,indice_de_color,numero_codigo,False
amarillo fd&c5,E102,sinteticos,numero_codigo,designacion_fdc,numero_codigo,False
amarillo no. 5,E102,sinteticos,numero_codigo,designacion_fdc,numero_codigo,False
amarillo no. 6,E110,sinteticos,numero_codigo,designacion_fdc,numero_codigo,False
amarillo ocaso,E110,sinteticos,nombre_tecnico,nombre_tecnico,nombre_tecnico,True
azul brillante,E133,sinteticos,nombre_tecnico,nombre_tecnico,nombre_tecnico,True
color caramelo,E150,fuera_de_eje,nombre_tecnico,nombre_tecnico,nombre_tecnico,True
rojo natural 4,E120,naturales,numero_codigo,indice_de_color,numero_codigo,False
rojo remolacha,E162,naturales,nombre_tecnico,nombre_comun_planta,nombre_comun_planta,True
azafran indio,E100,naturales,nombre_tecnico,nombre_comun_planta,nombre_comun_planta,False
azul de jagua,E183,naturales,nombre_tecnico,nombre_comun_planta,nombre_comun_planta,False
beta caroteno,E160a,naturales,nombre_comun_planta,nombre_comun_planta,nombre_comun_planta,False
conchita azul,E163,naturales,nombre_tecnico,nombre_comun_planta,nombre_comun_planta,False
sunset yellow,E110,sinteticos,nombre_tecnico,nombre_tecnico,nombre_tecnico,False
anaranjado 3,E160b,naturales,nombre_tecnico,nombre_tecnico,nombre_tecnico,False
antocianinas,E163,naturales,nombre_tecnico,nombre_tecnico,nombre_tecnico,True
azul patente,E131,sinteticos,nombre_tecnico,nombre_tecnico,nombre_tecnico,False
betacaroteno,E160a,naturales,nombre_comun_planta,nombre_comun_planta,nombre_comun_planta,True
cantaxantina,E161g,sinteticos,nombre_tecnico,nombre_tecnico,nombre_tecnico,True
capsorrubina,E160c,naturales,nombre_tecnico,nombre_tecnico,nombre_tecnico,True
fd&c rojo 40,E129,sinteticos,numero_codigo,designacion_fdc,numero_codigo,False
rojo betabel,E162,naturales,nombre_tecnico,nombre_comun_planta,nombre_comun_planta,False
rojo ponceau,E124,sinteticos,nombre_tecnico,nombre_tecnico,nombre_tecnico,False
verde rapido,E143,sinteticos,nombre_tecnico,nombre_tecnico,nombre_tecnico,False
amarillo 2g,E107,sinteticos,numero_codigo,designacion_fdc,numero_codigo,True
antocianina,E163,naturales,nombre_tecnico,nombre_tecnico,nombre_tecnico,True
ficocianina,SPIRULINA,naturales,nombre_tecnico,nombre_tecnico,nombre_tecnico,False
rojo allura,E129,sinteticos,nombre_tecnico,nombre_tecnico,nombre_tecnico,True
rojo carmin,E120,naturales,nombre_tecnico,nombre_tecnico,nombre_tecnico,False
rojo coccin,E129,sinteticos,nombre_tecnico,nombre_tecnico,nombre_tecnico,False
rojo fd&c40,E129,sinteticos,numero_codigo,designacion_fdc,numero_codigo,False
rojo no. 40,E129,sinteticos,numero_codigo,designacion_fdc,numero_codigo,False
verde fd&c3,E143,sinteticos,numero_codigo,designacion_fdc,numero_codigo,False
verde japon,E143,sinteticos,nombre_tecnico,nombre_tecnico,nombre_tecnico,False
verde no. 3,E143,sinteticos,numero_codigo,designacion_fdc,numero_codigo,False
allura red,E129,sinteticos,nombre_tecnico,nombre_tecnico,nombre_tecnico,False
amarillo 5,E102,sinteticos,numero_codigo,designacion_fdc,numero_codigo,True
amarillo 6,E110,sinteticos,numero_codigo,designacion_fdc,numero_codigo,True
azorrubina,E122,sinteticos,nombre_tecnico,nombre_tecnico,nombre_tecnico,True
azul no. 1,E133,sinteticos,numero_codigo,designacion_fdc,numero_codigo,False
azul no. 2,E132,sinteticos,numero_codigo,designacion_fdc,numero_codigo,False
betalainas,E162,naturales,nombre_tecnico,nombre_tecnico,nombre_tecnico,False
capsantina,E160c,naturales,nombre_tecnico,nombre_tecnico,nombre_tecnico,True
carmoisina,E122,sinteticos,nombre_tecnico,nombre_tecnico,nombre_tecnico,True
clorofilas,E140,naturales,nombre_tecnico,nombre_tecnico,nombre_tecnico,True
cochinilla,E120,naturales,nombre_comun_planta,nombre_comun_planta,nombre_comun_planta,True
enocianina,E163,naturales,nombre_tecnico,nombre_tecnico,nombre_tecnico,False
eritrosina,E127,sinteticos,nombre_tecnico,nombre_tecnico,nombre_tecnico,True
espirulina,SPIRULINA,naturales,nombre_comun_planta,nombre_comun_planta,nombre_comun_planta,False
indigotina,E132,sinteticos,nombre_tecnico,nombre_tecnico,nombre_tecnico,True
ponceau 4r,E124,sinteticos,nombre_tecnico,nombre_tecnico,nombre_tecnico,True
rojo curry,E129,sinteticos,nombre_tecnico,nombre_tecnico,nombre_tecnico,False
rojo d&c 5,E122,sinteticos,numero_codigo,designacion_fdc,numero_codigo,False
rojo no. 3,E127,sinteticos,numero_codigo,designacion_fdc,numero_codigo,False
tartrazina,E102,sinteticos,nombre_tecnico,nombre_tecnico,nombre_tecnico,True
betalaina,E162,naturales,nombre_tecnico,nombre_tecnico,nombre_tecnico,False
carotenos,E160a,naturales,nombre_comun_planta,nombre_comun_planta,nombre_comun_planta,False
clorofila,E140,naturales,nombre_tecnico,nombre_tecnico,nombre_tecnico,False
curcumina,E100,naturales,nombre_tecnico,nombre_tecnico,nombre_tecnico,True
norbixina,E160b,naturales,nombre_tecnico,nombre_tecnico,nombre_tecnico,True
rojo d&c6,E124,sinteticos,numero_codigo,designacion_fdc,numero_codigo,False
betanina,E162,naturales,nombre_tecnico,nombre_tecnico,nombre_tecnico,True
caramelo,E150,fuera_de_eje,nombre_tecnico,nombre_tecnico,nombre_tecnico,True
carmines,E120,naturales,nombre_tecnico,nombre_tecnico,nombre_tecnico,True
caroteno,E160a,naturales,nombre_comun_planta,nombre_comun_planta,nombre_comun_planta,False
ci 14720,E122,sinteticos,numero_codigo,codigo_e_ci,numero_codigo,False
ci 15985,E110,sinteticos,numero_codigo,codigo_e_ci,numero_codigo,False
ci 16035,E129,sinteticos,numero_codigo,codigo_e_ci,numero_codigo,False
ci 16255,E124,sinteticos,numero_codigo,codigo_e_ci,numero_codigo,False
ci 19140,E102,sinteticos,numero_codigo,codigo_e_ci,numero_codigo,False
ci 42090,E133,sinteticos,numero_codigo,codigo_e_ci,numero_codigo,False
ci 45430,E127,sinteticos,numero_codigo,codigo_e_ci,numero_codigo,False
ci 73015,E132,sinteticos,numero_codigo,codigo_e_ci,numero_codigo,False
ci 75470,E120,naturales,numero_codigo,codigo_e_ci,numero_codigo,False
licopeno,E160d,naturales,nombre_tecnico,nombre_tecnico,nombre_tecnico,True
achiote,E160b,naturales,nombre_comun_planta,nombre_comun_planta,nombre_comun_planta,True
annatto,E160b,naturales,nombre_comun_planta,nombre_comun_planta,nombre_comun_planta,False
atsuete,E160b,naturales,nombre_tecnico,nombre_comun_planta,nombre_comun_planta,False
azafran,E164,naturales,nombre_tecnico,nombre_comun_planta,nombre_comun_planta,True
curcuma,E100,naturales,nombre_comun_planta,nombre_comun_planta,nombre_comun_planta,False
hibisco,E163,naturales,nombre_comun_planta,nombre_comun_planta,nombre_comun_planta,False
luteina,E161b,naturales,nombre_tecnico,nombre_tecnico,nombre_tecnico,True
paprika,E160c,naturales,nombre_comun_planta,nombre_comun_planta,nombre_comun_planta,False
rojo 40,E129,sinteticos,numero_codigo,designacion_fdc,numero_codigo,True
verde 3,E143,sinteticos,numero_codigo,designacion_fdc,numero_codigo,False
verde s,E142,sinteticos,nombre_tecnico,nombre_tecnico,nombre_tecnico,True
azul 1,E133,sinteticos,numero_codigo,designacion_fdc,numero_codigo,False
azul 2,E132,sinteticos,numero_codigo,designacion_fdc,numero_codigo,False
bixina,E160b,naturales,nombre_tecnico,nombre_tecnico,nombre_tecnico,True
carmin,E120,naturales,nombre_tecnico,nombre_tecnico,nombre_tecnico,True
rojo 3,E127,sinteticos,numero_codigo,designacion_fdc,numero_codigo,False
rojo 6,E124,sinteticos,numero_codigo,designacion_fdc,numero_codigo,False
e 102,E102,sinteticos,numero_codigo,codigo_e_ci,numero_codigo,False
e 110,E110,sinteticos,numero_codigo,codigo_e_ci,numero_codigo,True
e 129,E129,sinteticos,numero_codigo,codigo_e_ci,numero_codigo,True
e 150,E150,fuera_de_eje,numero_codigo,codigo_e_ci,numero_codigo,False
e150a,E150,fuera_de_eje,numero_codigo,codigo_e_ci,numero_codigo,True
e150b,E150,fuera_de_eje,numero_codigo,codigo_e_ci,numero_codigo,True
e150c,E150,fuera_de_eje,numero_codigo,codigo_e_ci,numero_codigo,True
e150d,E150,fuera_de_eje,numero_codigo,codigo_e_ci,numero_codigo,True
urucu,E160b,naturales,nombre_tecnico,nombre_comun_planta,nombre_comun_planta,False
